Workbook
Name SegmentaçãodeDados_CLIENTE: #REF!
Name SegmentaçãodeDados_PRAZO__DIAS: #REF!

Sheet BASE
A1: CLIENTES | C1: STATUS | E1: VEICULO | G1: ORIGEM
A2: ADM | C2: CONTRATADO | E2: LS GRANELEIRO | G2: ABADIA DE GOIAS-GO
A3: AMAGGI | C3: AGUARDANDO OC | E3: LS SIDER | G3: ABADIA DOS DOURADOS-MG
A4: BOA ESPERANÇA | C4: AGUARDANDO GR | E4: BITREM | G4: ABADIANIA-GO
A5: BRASIL AGRO | C5: CARREGADO | E5: VANDERLEIA | G5: ABAETE-MG
A6: BUNGE | C6: EM TRANSITO | E6: VANDERLEIA SIDER | G6: ABAETETUBA-PA
A7: CARGILL | C7: FALTA CONTRATAR | E7: 4º EIXOS | G7: ABAIARA-CE
A8: CARLOS POLATO | C8: 1ª PERNA | E8: 4º EIXOS SIDER | G8: ABAIRA-BA
A9: CDI / STONEX | C9: FALTA AGENDAR | E9: RODOTREM | G9: ABARE-BA
A10: COFCO | C10: FINALIZADO | E10: RODOTREM SIDER | G10: ABATIA-PR
A11: COOAMI | C11: AGENDADO | E11: TRUCK | G11: ABDON BATISTA-SC
A12: LDC | C12: MANUTENÇÃO | E12: TRUCK SIDER | G12: ABEL FIGUEIREDO-PA
... A14: NUTRADE | C14: AGUARDANDO CARREGAMENTO | E14: BITRUCK SIDER | G14: ABRE CAMPO-MG
C15: LIBERADO | G15: ABREU E LIMA-PE
C16: AGUARDANDO NFE | G16: ABREULANDIA-TO
G17: ACAIACA-MG
G18: ACAILANDIA-MA
G19: ACAJUTIBA-BA
G20: ACARA-PA
G21: ACARAPE-CE
G22: ACARAU-CE
G23: ACARI-RN
G24: ACAUA-PI
G25: ACEGUA-RS
G26: ACOPIARA-CE
G27: ACORIZAL-MT
G28: ACRELANDIA-AC
... G3444: OLHOS-D'AGUA-MG
A3445: OMNICOTTON | G3445: OLIMPIA-SP
A3446: PICCININ | G3446: OLIMPIO NORONHA-MG
A3447: SCHEFFER | G3447: OLINDA-PE
A3448: SCHENKEL | G3448: OLINDA NOVA DO MARANHAO-MA
A3449: SLC | G3449: OLINDINA-BA
G3450: OLIVEDOS-PB
G3451: OLIVEIRA-MG
G3452: OLIVEIRA DE FATIMA-TO
G3453: OLIVEIRA DOS BREJINHOS-BA
G3454: OLIVEIRA FORTES-MG
G3455: OLIVENCA-AL
G3456: ONCA DE PITANGUI-MG
G3457: ONDA VERDE-SP
G3458: ORATORIOS-MG
G3459: ORIENTE-SP
G3460: ORINDIUVA-SP
G3461: ORIXIMINA-PA
... G5572: ZORTEA-SC

Sheet BASE FILIAL
A2: Origem: | B2: ='LIBERAÇÕES'!E2 -> ORIGEM | C2: Coleta: | D2: ='LIBERAÇÕES'!F2 -> COLETA | E2: ='LIBERAÇÕES'!L4 -> -73 | F2: PRAZO FINALIZAR DEAD LINE (DIAS RESTANTES)
A3: Destino: | B3: ='LIBERAÇÕES'!G2 -> DESTINO | C3: Terminal: | D3: ='LIBERAÇÕES'!M2 -> TERMINAL | E3: Tipo de fardo:
A4: Cliente: | B4: ='LIBERAÇÕES'!C2 -> CLIENTE | C4: Volume: | D4: ='LIBERAÇÕES'!I2 -> TOTAL FARDOS | E4: ='LIBERAÇÕES'!N2 -> TIPO DE FARDO
A5: Instrução: | B5: ='LIBERAÇÕES'!J2 -> INSTRUÇÃO | C5: Carregado | D5: =SUM(E8:E17) -> 0 | E5: FRETE EMP.
A6: Dead Line: | B6: ='LIBERAÇÕES'!K2 -> DEAD LINE | C6: Saldo | D6: =D4-D5 -> #VALUE! | E6: ='LIBERAÇÕES'!H2 -> FRETE EMP.
A7: STATUS | B7: PLACA | C7: TIPO VEIC. | D7: FRETE MOT. | E7: QTD. FARDOS

Sheet DASHBOARD

Sheet LIBERAÇÕES
A2: DATA | B2: DATA LIBERAÇÃO | C2: CLIENTE | D2: FILIAL | E2: ORIGEM | F2: COLETA | G2: DESTINO | H2: FRETE EMP. | I2: TOTAL FARDOS | J2: INSTRUÇÃO | K2: DEAD LINE | L2: PRAZO (DIAS) | M2: TERMINAL | N2: TIPO DE FARDO | O2: CARREGADO | P2: A CARREGAR | Q2: OBSERVAÇÃO | S2: FARDOS | T2: =I90 -> 64100 | U2: =1 -> 1
A3: =TODAY() -> 46142 | B3: 46042 | C3: BRASIL AGRO | D3: PRIMAVERA DO LESTE-MT | E3: NOVO SAO JOAQUIM-MT | F3: ALG ITAQUERE | G3: SANTOS-SP | H3: 492 | I3: 1512 | K3: 46062 | L3: =K3-A3 -> -80 | M3: DALASTRA | N3: FARDINHO | O3: =SUM('PRIMAVERA DO LESTE'!E7:E15) -> 1512 | P3: =I3-O3 -> 0 | S3: CARREGADO | T3: =O90 -> #REF! | U3: =O90/I90 -> #REF!
A4: =TODAY() -> 46142 | B4: 46059 | C4: COFCO | D4: LUCAS DO RIO VERDE-MT | E4: LUCAS DO RIO VERDE-MT | F4: ALG S COTTON | G4: SANTOS-SP | H4: 670 | I4: 1206 | J4: S07453-MÃE-JAN-01 | K4: 46069 | L4: =K4-A4 -> -73 | M4: ALAMO | N4: FARDINHO | O4: ='LUCAS DO RIO VERDE'!D4 -> 1206 | P4: =I4-O4 -> 0 | S4: PENDENTE | T4: =P90 -> #REF! | U4: =P90/I90 -> #REF!
A5: =TODAY() -> 46142 | B5: 46059 | C5: COFCO | D5: LUCAS DO RIO VERDE-MT | E5: LUCAS DO RIO VERDE-MT | F5: ALG S COTTON | G5: CUBATAO-SP | H5: 670 | I5: 169 | J5: RODO-M37-JAN26-13 | K5: 46066 | L5: =K5-A5 -> -76 | M5: ISIS | N5: FARDINHO | O5: 169 | P5: =I5-O5 -> 0
A6: =TODAY() -> 46142 | B6: 46059 | C6: COFCO | D6: LUCAS DO RIO VERDE-MT | E6: LUCAS DO RIO VERDE-MT | F6: ALG MARAPÉ | G6: CUBATAO-SP | H6: 670 | I6: 0 | J6: WH-CONLINE-NOV25-16-SLM37 | K6: 46066 | L6: =K6-A6 -> -76 | M6: CONLINE | N6: FARDÃO | O6: ='LUCAS DO RIO VERDE'!D26 -> 0 | P6: =I6-O6 -> 0
A7: =TODAY() -> 46142 | B7: 46059 | C7: COFCO | D7: LUCAS DO RIO VERDE-MT | E7: LUCAS DO RIO VERDE-MT | F7: ALG MARAPÉ | G7: CUBATAO-SP | H7: 670 | I7: 7667 | J7: RODO-M36-JAN26-08 | K7: 46069 | L7: =K7-A7 -> -73 | M7: ISIS | N7: FARDÃO | O7: ='LUCAS DO RIO VERDE'!D35 -> 7667 | P7: =I7-O7 -> 0
A8: =TODAY() -> 46142 | B8: 46059 | C8: COFCO | D8: LUCAS DO RIO VERDE-MT | E8: LUCAS DO RIO VERDE-MT | F8: ALG MARAPÉ | G8: SANTOS-SP | H8: 670 | I8: 3477 | J8: RODO-M37-JAN26-07 | K8: 46069 | L8: =K8-A8 -> -73 | M8: MEDLOG | N8: FARDÃO | O8: ='LUCAS DO RIO VERDE'!D85 -> 3477 | P8: =I8-O8 -> 0
A9: =TODAY() -> 46142 | B9: 46059 | C9: SCHEFFER | D9: SAPEZAL-MT | E9: SAPEZAL-MT | F9: ALG RAFAELA | G9: RONDONOPOLIS-MT | H9: 270 | I9: 110 | J9: S/BR/49 | K9: 46069 | L9: =K9-A9 -> -73 | M9: BRADO | N9: FARDÃO | O9: =SAPEZAL!D4 -> 110 | P9: =I9-O9 -> 0
A10: =TODAY() -> 46142 | B10: 46059 | C10: SCHEFFER | D10: SAPEZAL-MT | E10: SAPEZAL-MT | F10: ALG TRES LAGOAS | G10: RONDONOPOLIS-MT | H10: 270 | I10: 440 | J10: S/BR/49 | K10: 46069 | L10: =K10-A10 -> -73 | M10: BRADO | N10: FARDÃO | O10: =SAPEZAL!D12 -> 440 | P10: =I10-O10 -> 0
A11: =TODAY() -> 46142 | B11: 46059 | C11: COFCO | D11: LUCAS DO RIO VERDE-MT | E11: LUCAS DO RIO VERDE-MT | F11: ALG MARAPÉ | G11: SANTOS-SP | H11: 670 | I11: 156 | J11: S07153-A-JAN-01 | K11: 46069 | L11: =K11-A11 -> -73 | M11: SIGMA | N11: FARDÃO | O11: ='LUCAS DO RIO VERDE'!D114 -> 156 | P11: =I11-O11 -> 0
A12: =TODAY() -> 46142 | B12: 46058 | C12: NUTRADE | D12: SINOP-MT | E12: TABAPORA-MT | F12: ALG INDIO POSSESSO | G12: RONDONOPOLIS-MT | H12: 360 | I12: 1980 | J12: RDN-EXP-RDN-25-AL114 | K12: 46081 | L12: =K12-A12 -> -61 | M12: LDC | N12: FARDÃO | O12: =SINOP!D4 -> 1980 | P12: =I12-O12 -> 0
A13: =TODAY() -> 46142 | B13: 46058 | C13: NUTRADE | D13: LUCAS DO RIO VERDE-MT | E13: LUCAS DO RIO VERDE-MT | F13: ALG SANTO ANTONIO | G13: RONDONOPOLIS-MT | H13: 280 | I13: 145 | J13: RDN-DOM-ANP-25-AL111 | K13: 46081 | L13: =K13-A13 -> -61 | M13: LDC | N13: FARDÃO | O13: ='LUCAS DO RIO VERDE'!D124 -> 145 | P13: =I13-O13 -> 0
A14: =TODAY() -> 46142 | B14: 46045 | C14: NUTRADE | D14: LUCAS DO RIO VERDE-MT | E14: LUCAS DO RIO VERDE-MT | F14: ALG LUCAS COTTON | G14: GUARUJA-SP | H14: 650 | I14: 450 | J14: 25424HK-04A | K14: 46090 | L14: =K14-A14 -> -52 | M14: MOVECITA | N14: FARDINHO | O14: ='LUCAS DO RIO VERDE'!D137 -> 0 | P14: =I14-O14 -> 450 | Q14: LOTE CANCELADO PELO CLIENTE
A15: =TODAY() -> 46142 | B15: 46045 | C15: NUTRADE | D15: SINOP-MT | E15: IPIRANGA DO NORTE-MT | F15: ALG HORIZONTINA | G15: GUARUJA-SP | H15: 650 | I15: 264 | J15: 25424HK-04A | K15: 46090 | L15: =K15-A15 -> -52 | M15: MOVECITA | N15: FARDINHO | O15: =SINOP!D73 -> 775 | P15: =I15-O15 -> -511 | Q15: LOTE CANCELADO PELO CLIENTE
A16: =TODAY() -> 46142 | B16: 46049 | C16: BOA ESPERANÇA | D16: LUCAS DO RIO VERDE-MT | E16: TAPURAH-MT | F16: ALG ELDORADO | G16: GUARUJA-SP | H16: 640 | I16: 200 | J16: BOA02525 | K16: 46071 | L16: =K16-A16 -> -71 | M16: MOVECITA | N16: FARDINHO | O16: ='LUCAS DO RIO VERDE'!D147 -> 200 | P16: =I16-O16 -> 0
A17: =TODAY() -> 46142 | B17: 46049 | C17: BOA ESPERANÇA | D17: SINOP-MT | E17: PORTO DOS GAUCHOS-MT | F17: ALG AGROVERA | G17: GUARUJA-SP | H17: 650 | I17: 137 | J17: BOA02525 | K17: 46071 | L17: =K17-A17 -> -71 | M17: MOVECITA | N17: FARDINHO | O17: =SINOP!D20 -> 137 | P17: =I17-O17 -> 0
A18: =TODAY() -> 46142 | B18: 46049 | C18: BOA ESPERANÇA | D18: LUCAS DO RIO VERDE-MT | E18: LUCAS DO RIO VERDE-MT | F18: ALG RIO VERDE | G18: GUARUJA-SP | H18: 630 | I18: 238 | J18: BOA02525 | K18: 46071 | L18: =K18-A18 -> -71 | M18: MOVECITA | N18: FARDINHO | O18: ='LUCAS DO RIO VERDE'!D157 -> 238 | P18: =I18-O18 -> 0
A19: =TODAY() -> 46142 | B19: 46049 | C19: BOA ESPERANÇA | D19: SINOP-MT | E19: IPIRANGA DO NORTE-MT | F19: ALG IPIRANGA | G19: GUARUJA-SP | H19: 650 | I19: 169 | J19: BOA02525 | K19: 46071 | L19: =K19-A19 -> -71 | M19: MOVECITA | N19: FARDINHO | O19: =SINOP!D29 -> 169 | P19: =I19-O19 -> 0
A20: =TODAY() -> 46142 | B20: 46059 | C20: NUTRADE | D20: SORRISO-MT | E20: SORRISO-MT | F20: ALG COTTON ESPERANÇA | G20: NATAL-RN | H20: 862 | I20: 686 | J20: 250071-04 | K20: 46073 | L20: =K20-A20 -> -69 | M20: VICUNHA | N20: FARDINHO | O20: =SORRISO!D4 -> 686 | P20: =I20-O20 -> 0
A21: =TODAY() -> 46142 | B21: 46059 | C21: NUTRADE | D21: LUCAS DO RIO VERDE-MT | E21: LUCAS DO RIO VERDE-MT | F21: ALG LUCAS COTTON | G21: NATAL-RN | H21: 862 | I21: 300 | J21: 250071-04 | K21: 46073 | L21: =K21-A21 -> -69 | M21: VICUNHA | N21: FARDINHO | O21: 300 | P21: =I21-O21 -> 0
A22: =TODAY() -> 46142 | B22: 46059 | C22: COFCO | D22: SINOP-MT | E22: IPIRANGA DO NORTE-MT | F22: ALG 242 | G22: SANTOS-SP | H22: 660 | I22: 157 | J22: S07423-MAR-01 | K22: 46069 | L22: =K22-A22 -> -73 | M22: SIGMA | N22: FARDINHO | O22: =SINOP!D38 -> 157 | P22: =I22-O22 -> 0
A23: =TODAY() -> 46142 | B23: 46059 | C23: COFCO | D23: LUCAS DO RIO VERDE-MT | E23: LUCAS DO RIO VERDE-MT | F23: LUCAS COTTON | G23: CUBATAO-SP | H23: 670 | I23: 331 | J23: RODO-M37-JAN26-04 | K23: 46069 | L23: =K23-A23 -> -73 | M23: ISIS | N23: FARDINHO | O23: ='LUCAS DO RIO VERDE'!D174 -> 331 | P23: =I23-O23 -> 0
A24: =TODAY() -> 46142 | B24: 46045 | C24: COFCO | D24: PRIMAVERA DO LESTE-MT | E24: PRIMAVERA DO LESTE-MT | F24: ALG NOVA GERAÇÃO | G24: CUBATAO-SP | H24: 530 | I24: 1865 | J24: RODO-M37-JAN26-11 | K24: 46073 | L24: =K24-A24 -> -69 | M24: ISIS | N24: FARDINHO | O24: ='PRIMAVERA DO LESTE'!D20 -> 1865 | P24: =I24-O24 -> 0
A25: =TODAY() -> 46142 | B25: 09/0/2026 | C25: COFCO | D25: RONDONOPOLIS-MT | E25: RONDONOPOLIS-MT | F25: ALG TBM LOG | G25: HORIZONTE-CE | H25: 990 | I25: 128 | J25: WH_STN_CONSIG-FEV-01-SANTANA | K25: 46071 | L25: =K25-A25 -> -71 | M25: SANTANA | N25: FARDÃO | O25: =RONDONOPOLIS!D4 -> 128 | P25: =I25-O25 -> 0
A26: =TODAY() -> 46142 | B26: 46064 | C26: COFCO | D26: RONDONOPOLIS-MT | E26: RONDONOPOLIS-MT | F26: ALG TBM LOG | G26: SANTOS-SP | H26: 585 | I26: 0 | J26: WH-S07405-JAN-01 | K26: 46071 | L26: =K26-A26 -> -71 | M26: CONLINE | N26: FARDÃO | O26: =RONDONOPOLIS!D16 -> 0 | P26: =I26-O26 -> 0
A27: =TODAY() -> 46142 | B27: 46064 | C27: COFCO | D27: RONDONOPOLIS-MT | E27: RONDONOPOLIS-MT | F27: ALG TBM LOG | G27: GUARUJA-SP | H27: 585 | I27: 0 | J27: S07389-JAN-01 | K27: 46071 | L27: =K27-A27 -> -71 | M27: CORTES | N27: FARDÃO | O27: =RONDONOPOLIS!D33 -> 0 | P27: =I27-O27 -> 0
A28: =TODAY() -> 46142 | B28: 46064 | C28: COFCO | D28: RONDONOPOLIS-MT | E28: RONDONOPOLIS-MT | F28: ALG TBM LOG | G28: CUBATAO-SP | H28: 585 | I28: 2168 | J28: S07475-MÃE-FEV-02 | K28: 46071 | L28: =K28-A28 -> -71 | M28: ISIS | N28: FARDÃO | O28: =RONDONOPOLIS!D50 -> 2168 | P28: =I28-O28 -> 0
A29: =TODAY() -> 46142 | B29: 46064 | C29: BRASIL AGRO | D29: PRIMAVERA DO LESTE-MT | E29: NOVO SAO JOAQUIM-MT | F29: ALG ITAQUERE | G29: GUARUJA-SP | H29: 570 | I29: 718 | J29: AF237/2025 | K29: 46077 | L29: =K29-A29 -> -65 | M29: CORTES | N29: FARDINHO | O29: ='PRIMAVERA DO LESTE'!D39 -> 718 | P29: =I29-O29 -> 0
A30: =TODAY() -> 46142 | B30: 46067 | C30: COFCO | D30: SAPEZAL-MT | E30: SAPEZAL-MT | F30: ALG BC COTTON | G30: SANTOS-SP | H30: 727 | I30: 863 | J30: RODO-M37-JAN26-06-B | K30: 46081 | L30: =K30-A30 -> -61 | N30: FARDINHO | O30: =SAPEZAL!D21 -> 863 | P30: =I30-O30 -> 0
A31: =TODAY() -> 46142 | B31: 46076 | C31: LDC | D31: SAPEZAL-MT | E31: SAPEZAL-MT | F31: ALG RAFAELA | G31: SANTOS-SP | H31: 660 | I31: 220 | J31: RDN-EXP-SMGS-25-T531 | K31: 46084 | L31: =K31-A31 -> -58 | M31: SMAGALHÃES | N31: FARDÃO | O31: =SAPEZAL!D34 -> 220 | P31: =I31-O31 -> 0
A32: =TODAY() -> 46142 | B32: 46076 | C32: LDC | D32: SAPEZAL-MT | E32: SAPEZAL-MT | F32: ALG RAFAELA | G32: SANTOS-SP | H32: 660 | I32: 880 | J32: RDN-EXP-SMGS-25-T517 | K32: 46084 | L32: =K32-A32 -> -58 | M32: SMAGALHÃES | N32: FARDÃO | O32: =SAPEZAL!D42 -> 880 | P32: =I32-O32 -> 0
A33: =TODAY() -> 46142 | B33: 46081 | C33: COFCO | D33: RONDONOPOLIS-MT | E33: CAMPO VERDE-MT | F33: ALG PRINCESA | G33: SANTOS-SP | H33: 636 | I33: 126 | J33: RODO-M37-JAN26-08 | K33: 46087 | L33: =K33-A33 -> -55 | N33: FARDÃO | O33: =RONDONOPOLIS!D77 -> 126 | P33: =I33-O33 -> 0
A34: =TODAY() -> 46142 | B34: 46081 | C34: COFCO | D34: RONDONOPOLIS-MT | E34: CAMPO VERDE-MT | F34: ALG COOPERPLUMA UBA I | G34: SANTOS-SP | H34: 540 | I34: 175 | J34: S07508-FEV-01 | K34: 46087 | L34: =K34-A34 -> -55 | M34: SIGMA | N34: FARDÃO | O34: 175 | P34: =I34-O34 -> 0
A35: =TODAY() -> 46142 | B35: 46081 | C35: BRASIL AGRO | D35: PRIMAVERA DO LESTE-MT | E35: NOVO SAO JOAQUIM-MT | F35: ALG ITAQUERE | G35: SANTOS-SP | H35: 600 | I35: 481 | K35: 46085 | L35: =K35-A35 -> -57 | M35: DALASTRA | N35: FARDINHO | O35: ='PRIMAVERA DO LESTE'!D51 -> 481 | P35: =I35-O35 -> 0
A36: =TODAY() -> 46142 | B36: 46083 | C36: COFCO | D36: RONDONOPOLIS-MT | E36: CAMPO VERDE-MT | F36: ALG COOPERBEM | G36: CUBATAO-SP | H36: 648 | I36: 1929 | J36: S07414-C-MAR-MÃE-01 | K36: 46087 | L36: =K36-A36 -> -55 | M36: ISIS | N36: FARDÃO | O36: =RONDONOPOLIS!D101 -> 1929 | P36: =I36-O36 -> 0
A37: =TODAY() -> 46142 | B37: 46083 | C37: COFCO | D37: RONDONOPOLIS-MT | E37: CAMPO VERDE-MT | F37: ALG COOPERBEM | G37: CUBATAO-SP | H37: 648 | I37: 150 | J37: WH-S07528-A-MÃE-FEV-01 | K37: 46087 | L37: =K37-A37 -> -55 | M37: CONLINE | N37: FARDÃO | O37: =RONDONOPOLIS!D122 -> 150 | P37: =I37-O37 -> 0
A38: =TODAY() -> 46142 | B38: 46083 | C38: COFCO | D38: RONDONOPOLIS-MT | E38: CAMPO VERDE-MT | F38: ALG COOPERBEM | G38: CUBATAO-SP | H38: 648 | I38: 73 | J38: S07469-MÃE-JAN-01 | K38: 46087 | L38: =K38-A38 -> -55 | M38: ISIS | N38: FARDÃO | O38: =RONDONOPOLIS!D132 -> 73 | P38: =I38-O38 -> 0
A39: =TODAY() -> 46142 | B39: 46083 | C39: COFCO | D39: PRIMAVERA DO LESTE-MT | E39: PRIMAVERA DO LESTE-MT | F39: ALG NOVA GERAÇÃO | G39: CUBATAO-SP | H39: 682 | I39: 4557 | J39: S07499-MÃE-JAN-01 | K39: 46087 | L39: =K39-A39 -> -55 | M39: ISIS | N39: FARDINHO | O39: ='PRIMAVERA DO LESTE'!D61 -> 4557 | P39: =I39-O39 -> 0
A40: =TODAY() -> 46142 | B40: 46083 | C40: COFCO | D40: RONDONOPOLIS-MT | E40: RONDONOPOLIS-MT | F40: ALG TBM LOG | G40: SANTOS-SP | H40: 659 | I40: 3180 | J40: S07466-MÃE-FEV-01 | K40: 46090 | L40: =K40-A40 -> -52 | M40: ALAMO | N40: FARDÃO | O40: 3180 | P40: =I40-O40 -> 0
A41: =TODAY() -> 46142 | B41: 46083 | C41: COFCO | D41: RONDONOPOLIS-MT | E41: RONDONOPOLIS-MT | F41: ALG TBM LOG | G41: CUBATAO-SP | H41: 659 | I41: 319 | J41: WH-RD-S07414-M37-FEV-02 | K41: 46087 | L41: =K41-A41 -> -55 | M41: CONLINE | N41: FARDÃO | O41: 319 | P41: =I41-O41 -> 0
A42: =TODAY() -> 46142 | B42: 46083 | C42: COFCO | D42: RONDONOPOLIS-MT | E42: RONDONOPOLIS-MT | F42: ALG TBM LOG | G42: CUBATAO-SP | H42: 659 | I42: 4652 | J42: S07469-MÃE-FEV-02 | K42: 46090 | L42: =K42-A42 -> -52 | M42: ISIS | N42: FARDÃO | O42: 4652 | P42: =I42-O42 -> 0
A43: =TODAY() -> 46142 | B43: 46083 | C43: COFCO | D43: RONDONOPOLIS-MT | E43: RONDONOPOLIS-MT | F43: ALG TBM LOG | G43: SANTOS-SP | H43: 659 | I43: 367 | J43: RODO-M37-FEV-04 | K43: 46087 | L43: =K43-A43 -> -55 | M43: MEDLOG | N43: FARDÃO | O43: =RONDONOPOLIS!D175 -> 367 | P43: =I43-O43 -> 0
A44: =TODAY() -> 46142 | B44: 46083 | C44: COFCO | D44: RONDONOPOLIS-MT | E44: RONDONOPOLIS-MT | F44: ALG TBM LOG | G44: SANTOS-SP | H44: 659 | I44: 500 | J44: S07521-FEV-01 | K44: 46092 | L44: =K44-A44 -> -50 | M44: SMAGALHÃES | N44: FARDINHO | O44: 500 | P44: =I44-O44 -> 0
A45: =TODAY() -> 46142 | B45: 46083 | C45: COFCO | D45: RONDONOPOLIS-MT | E45: RONDONOPOLIS-MT | F45: ALG TBM LOG | G45: SANTOS-SP | H45: 659 | I45: 1366 | J45: S07466-FEV-01 | K45: 46087 | L45: =K45-A45 -> -55 | M45: SIGMA | N45: FARDINHO | O45: 1366 | P45: =I45-O45 -> 0
A46: =TODAY() -> 46142 | B46: 46083 | C46: COFCO | D46: SINOP-MT | E46: SINOP-MT | F46: ALG PRANTE | G46: CUBATAO-SP | H46: 841 | I46: 4545 | J46: WH-S07433-B-HCMC-FEV-01 | K46: 46087 | L46: =K46-A46 -> -55 | M46: CONLINE | N46: FARDÃO | O46: 4545 | P46: =I46-O46 -> 0
A47: =TODAY() -> 46142 | B47: 46083 | C47: COFCO | D47: SINOP-MT | E47: IPIRANGA DO NORTE-MT | F47: ALG DAGHETTI COTTON | G47: CUBATAO-SP | H47: 830 | I47: 111 | J47: S07469-MÃE-JAN-01 | K47: 46087 | L47: =K47-A47 -> -55 | M47: ISIS | N47: FARDINHO | O47: =SINOP!D83 -> 111 | P47: =I47-O47 -> 0
A48: =TODAY() -> 46142 | B48: 46083 | C48: COFCO | D48: SAPEZAL-MT | E48: CAMPOS DE JULIO-MT | F48: ALG G4 COTTON | G48: GUARUJA-SP | H48: 841 | I48: 179 | J48: S07305-FEB-02 | K48: 46092 | L48: =K48-A48 -> -50 | M48: SMAGALHÃES | N48: FARDÃO | O48: =SAPEZAL!D54 -> 179 | P48: =I48-O48 -> 0
A49: =TODAY() -> 46142 | B49: 46084 | C49: COFCO | D49: RONDONOPOLIS-MT | E49: CAMPO VERDE-MT | F49: ALG COOPERBEM | G49: CUBATAO-SP | H49: 648 | I49: 164 | J49: WH-COOPERBEM-DEC-01 | K49: 46087 | L49: =K49-A49 -> -55 | M49: CONLINE | N49: FARDÃO | O49: =RONDONOPOLIS!D212 -> 164 | P49: =I49-O49 -> 0
A50: =TODAY() -> 46142 | B50: 46086 | C50: COFCO | D50: LUCAS DO RIO VERDE-MT | E50: LUCAS DO RIO VERDE-MT | F50: ALG COTTON JORGE | G50: CUBATAO-SP | H50: 727 | I50: 33 | J50: S07479-MAR-A-03 | K50: 46093 | L50: =K50-A50 -> -49 | M50: ISIS | N50: FARDINHO | O50: 33 | P50: =I50-O50 -> 0
A51: =TODAY() -> 46142 | B51: 46086 | C51: COFCO | D51: LUCAS DO RIO VERDE-MT | E51: LUCAS DO RIO VERDE-MT | F51: ALG S COTTON | G51: CUBATAO-SP | H51: 727 | I51: 1382 | J51: S07291-MÃE-JAN-01-B | K51: 46093 | L51: =K51-A51 -> -49 | M51: ISIS | N51: FARDINHO | O51: 1382 | P51: =I51-O51 -> 0
A52: =TODAY() -> 46142 | B52: 46086 | C52: COFCO | D52: RONDONOPOLIS-MT | E52: CAMPO VERDE-MT | F52: ALG UBA II | G52: CUBATAO-SP | H52: 600 | I52: 119 | J52: S07291-MÃE-JAN-01-B | K52: 46093 | L52: =K52-A52 -> -49 | M52: ISIS | N52: FARDINHO | O52: =RONDONOPOLIS!D224 -> 119 | P52: =I52-O52 -> 0
A53: =TODAY() -> 46142 | B53: 46086 | C53: COFCO | D53: LUCAS DO RIO VERDE-MT | E53: LUCAS DO RIO VERDE-MT | F53: ALG CT COTTON | G53: CUBATAO-SP | H53: 727 | I53: 140 | J53: S07291-MÃE-JAN-01-B | K53: 46093 | L53: =K53-A53 -> -49 | M53: ISIS | N53: FARDINHO | O53: 140 | P53: =I53-O53 -> 0
A54: =TODAY() -> 46142 | B54: 46091 | C54: BRASIL AGRO | D54: PRIMAVERA DO LESTE-MT | E54: NOVO SAO JOAQUIM-MT | F54: ALG ITAQUERE | G54: SANTOS-SP | H54: 610 | I54: 699 | K54: 46100 | L54: =K54-A54 -> -42 | M54: DALASTRA | N54: FARDINHO | O54: 699 | P54: =I54-O54 -> 0
A55: =TODAY() -> 46142 | B55: 46091 | C55: BRASIL AGRO | D55: PRIMAVERA DO LESTE-MT | E55: NOVO SAO JOAQUIM-MT | F55: ALG ITAQUERE | G55: GUARUJA-SP | H55: 610 | I55: 546 | K55: 46106 | L55: =K55-A55 -> -36 | M55: DALASTRA | N55: FARDINHO | O55: 546 | P55: =I55-O55 -> 0
A56: =TODAY() -> 46142 | B56: 46093 | C56: NUTRADE | D56: SINOP-MT | E56: MARCELANDIA-MT | F56: ALG FISTAROL | G56: RONDONOPOLIS-MT | H56: 350 | I56: 1260 | J56: SI RDN-EXP-RDN-25-AL160 | K56: 46108 | L56: =K56-A56 -> -34 | M56: LDC | N56: FARDINHO | O56: =SINOP!D103 -> 1260 | P56: =I56-O56 -> 0
A57: =TODAY() -> 46142 | B57: 46093 | C57: COFCO | D57: SAPEZAL-MT | E57: SAPEZAL-MT | F57: ALG BC COTTON | G57: AMERICANA-SP | H57: 680 | I57: 128 | J57: CTS-005072025-MAR-01-SAROSS | K57: 46101 | L57: =K57-A57 -> -41 | M57: SALTORELLI | N57: FARDÃO | O57: 128 | P57: =I57-O57 -> 0
A58: =TODAY() -> 46142 | B58: 46093 | C58: COFCO | D58: RONDONOPOLIS-MT | E58: CAMPO VERDE-MT | F58: ALG COOPERBEM | G58: HORIZONTE-CE | H58: 1082 | I58: 118 | J58: WH_STN_CONSIG-FEV-02-SANTANA | K58: 46101 | L58: =K58-A58 -> -41 | M58: SANTANA TEXTIL | N58: FARDÃO | O58: 118 | P58: =I58-O58 -> 0
A59: =TODAY() -> 46142 | B59: 46098 | C59: NUTRADE | D59: RONDONOPOLIS-MT | E59: CAMPO VERDE-MT | F59: ALG PRINCESA | G59: RONDONOPOLIS-MT | H59: 160 | I59: 871 | J59: SIRON-EXP-3155257016-057-01A | K59: 46102 | L59: =K59-A59 -> -40 | M59: EISA | N59: FARDÃO | O59: =RONDONOPOLIS!D236 -> 871 | P59: =I59-O59 -> 0
A60: =TODAY() -> 46142 | B60: 46100 | C60: NUTRADE | D60: CAMPO NOVO-MT | E60: CAMPO NOVO DO PARECIS-MT | F60: ALG COTTON CAMPO | G60: CUBATAO-SP | H60: 640 | I60: 520 | J60: SI RDN-EXP-CBT-25-AL158 | K60: 46112 | L60: =K60-A60 -> -30 | M60: LDC | N60: FARDÃO | O60: ='CAMPO NOVO '!D4 -> 520 | P60: =I60-O60 -> 0
A61: =TODAY() -> 46142 | B61: 46102 | C61: NUTRADE | D61: SORRISO-MT | E61: SORRISO-MT | F61: ALG CELESTE | G61: RONDONOPOLIS-MT | H61: 270 | I61: 298 | J61: SIRON-EXP-3155257015-055-01A | K61: 46112 | L61: =K61-A61 -> -30 | M61: EISA | N61: FARDÃO | O61: =SORRISO!D16 -> 298 | P61: =I61-O61 -> 0
A62: =TODAY() -> 46142 | B62: 46102 | C62: NUTRADE | D62: SAPEZAL-MT | E62: CAMPOS DE JULIO-MT | F62: ALG G4 COTTON | G62: RONDONOPOLIS-MT | H62: 290 | I62: 318 | J62: SIRON-EXP-3155257016-057-01A | K62: 46112 | L62: =K62-A62 -> -30 | M62: EISA | N62: FARDINHO | O62: =SAPEZAL!D80 -> #REF! | P62: =I62-O62 -> #REF!
A63: =TODAY() -> 46142 | B63: 46102 | C63: NUTRADE | D63: SINOP-MT | E63: SINOP-MT | F63: ALG PRANTE | G63: RONDONOPOLIS-MT | H63: 290 | I63: 220 | J63: SIRON-EXP-3155257016-057-01A | K63: 46112 | L63: =K63-A63 -> -30 | M63: EISA | N63: FARDINHO | O63: =SINOP!D93 -> 220 | P63: =I63-O63 -> 0
A64: =TODAY() -> 46142 | B64: 46104 | C64: NUTRADE | D64: LUCAS DO RIO VERDE-MT | E64: LUCAS DO RIO VERDE-MT | F64: ALG SANTO ANTONIO | G64: RONDONOPOLIS-MT | H64: 255 | I64: 487 | J64: SIRON-EXP-3155257015-055-02A | K64: 46112 | L64: =K64-A64 -> -30 | M64: EISA | N64: FARDÃO | O64: ='LUCAS DO RIO VERDE'!D222 -> 487 | P64: =I64-O64 -> 0
A65: =TODAY() -> 46142 | B65: 46104 | C65: NUTRADE | D65: CAMPO NOVO-MT | E65: DIAMANTINO-MT | F65: ALG FALAVINHA | G65: RONDONOPOLIS-MT | H65: 255 | I65: 130 | J65: SIRON-EXP-3155257015-055-02A | K65: 46112 | L65: =K65-A65 -> -30 | M65: EISA | N65: FARDÃO | O65: 130 | P65: =I65-O65 -> 0
A66: =TODAY() -> 46142 | B66: 46105 | C66: SCHEFFER | D66: SAPEZAL-MT | E66: SAPEZAL-MT | F66: ALG TRES LAGOAS | G66: RONDONOPOLIS-MT | H66: 250 | I66: 770 | J66: 625145/04-001 | K66: 46116 | L66: =K66-A66 -> -26 | M66: BRADO | N66: FARDÃO | O66: =SAPEZAL!D89 -> 770 | P66: =I66-O66 -> 0
A67: =TODAY() -> 46142 | B67: 46105 | C67: SCHEFFER | D67: SAPEZAL-MT | E67: SAPEZAL-MT | F67: ALG IRACEMA | G67: RONDONOPOLIS-MT | H67: 250 | I67: 220 | J67: 625145/04-001 | K67: 46116 | L67: =K67-A67 -> -26 | M67: BRADO | N67: FARDÃO | O67: =SAPEZAL!D101 -> #REF! | P67: =I67-O67 -> #REF!
A68: 46112 | B68: 31/032026 | C68: COFCO | D68: SINOP-MT | E68: IPIRANGA DO NORTE-MT | F68: ALG DAGHETTI COTTON | G68: RONDONOPOLIS-MT | H68: 295 | I68: 194 | J68: WH-TBM-MAR26-05 | K68: 46114 | L68: =K68-A68 -> 2 | M68: TBM LOG | N68: FARDÃO | O68: =SINOP!D122 -> 194 | P68: =I68-O68 -> 0
A69: 46112 | B69: 46112 | C69: COFCO | D69: CAMPO NOVO-MT | E69: NOVA MARINGA-MT | F69: ALG GFO COTTON | G69: RONDONOPOLIS-MT | H69: 350 | I69: 1272 | J69: WH-TBM-MAR26-03 | K69: 46114 | L69: =K69-A69 -> 2 | M69: TBM LOG | N69: FARDÃO | O69: ='CAMPO NOVO '!D24 -> 1272 | P69: =I69-O69 -> 0
A70: 46112 | B70: 46112 | C70: COFCO | D70: LUCAS DO RIO VERDE-MT | E70: LUCAS DO RIO VERDE-MT | F70: ALG S COTTON | G70: RONDONOPOLIS-MT | H70: 240 | I70: 532 | J70: WH-TBM-MAR26-06 | K70: 46114 | L70: =K70-A70 -> 2 | M70: TBM LOG | N70: FARDINHO | O70: ='LUCAS DO RIO VERDE'!D236 -> 532 | P70: =I70-O70 -> 0
A71: 46112 | B71: 46112 | C71: COFCO | D71: SAPEZAL-MT | E71: SAPEZAL-MT | F71: ALG CÉU AZUL | G71: RONDONOPOLIS-MT | H71: 250 | I71: 156 | J71: WH-TBM-MAR26-06 | K71: 46114 | L71: =K71-A71 -> 2 | M71: TBM LOG | N71: FARDÃO | O71: =SAPEZAL!D118 -> #REF! | P71: =I71-O71 -> #REF!
A72: 46113 | B72: 46113 | C72: BOA ESPERANÇA | D72: LUCAS DO RIO VERDE-MT | E72: LUCAS DO RIO VERDE-MT | F72: ALG RIO VERDE | G72: SANTOS-SP | H72: 640 | I72: 560 | J72: EBKG16354766 | K72: 46128 | L72: =K72-A72 -> 15 | M72: SMAGALHÃES | N72: FARDINHO | O72: ='LUCAS DO RIO VERDE'!D246 -> 560 | P72: =I72-O72 -> 0
A73: 46113 | B73: 46113 | C73: BOA ESPERANÇA | D73: LUCAS DO RIO VERDE-MT | E73: TAPURAH-MT | F73: ALG ELDORADO | G73: SANTOS-SP | H73: 640 | I73: 572 | J73: EBKG16354766 | K73: 46128 | L73: =K73-A73 -> 15 | M73: SMAGALHÃES | N73: FARDINHO | O73: ='LUCAS DO RIO VERDE'!D256 -> 572 | P73: =I73-O73 -> 0
A74: 46113 | B74: 46113 | C74: BOA ESPERANÇA | D74: SINOP-MT | E74: IPIRANGA DO NORTE-MT | F74: ALG IPIRANGA | G74: SANTOS-SP | H74: 680 | I74: 420 | J74: EBKG16354766 | K74: 46128 | L74: =K74-A74 -> 15 | M74: SMAGALHÃES | N74: FARDINHO | O74: =SINOP!D130 -> 420 | P74: =I74-O74 -> 0
A75: 46113 | B75: 46113 | C75: BOA ESPERANÇA | D75: SINOP-MT | E75: PORTO DOS GAUCHOS-MT | F75: ALG AGROVERA | G75: SANTOS-SP | H75: 690 | I75: 140 | J75: EBKG16354766 | K75: 46128 | L75: =K75-A75 -> 15 | M75: SMAGALHÃES | N75: FARDINHO | O75: =SINOP!D141 -> 140 | P75: =I75-O75 -> 0
A76: 46120 | B76: 46120 | C76: SCHEFFER | D76: SINOP-MT | E76: UNIAO DO SUL-MT | F76: ALG SANTA TEREZA | G76: RONDONOPOLIS-MT | H76: 300 | I76: 440 | J76: S51590.A01 | K76: 46129 | L76: =K76-A76 -> 9 | M76: BRADO | N76: FARDÃO | O76: =SINOP!D149 -> 440 | P76: =I76-O76 -> 0
A77: 46120 | B77: 46120 | C77: SCHEFFER | D77: SAPEZAL-MT | E77: SAPEZAL-MT | F77: ALG SCHEFFER | G77: RONDONOPOLIS-MT | H77: 235 | I77: 330 | J77: S51544.A02 | K77: 46131 | L77: =K77-A77 -> 11 | M77: BRADO | N77: FARDÃO | O77: =SAPEZAL!D135 -> #REF! | P77: =I77-O77 -> #REF!
A78: 46120 | B78: 46120 | C78: SCHEFFER | D78: SAPEZAL-MT | E78: SAPEZAL-MT | F78: ALG TRES LAGOAS | G78: RONDONOPOLIS-MT | H78: 235 | I78: 330 | J78: S51544.A02 | K78: 46131 | L78: =K78-A78 -> 11 | M78: BRADO | N78: FARDÃO | O78: =SAPEZAL!D144 -> #REF! | P78: =I78-O78 -> #REF!
A79: 46120 | B79: 46120 | C79: SCHEFFER | D79: SAPEZAL-MT | E79: SAPEZAL-MT | F79: ALG RAFAELA | G79: RONDONOPOLIS-MT | H79: 235 | I79: 396 | J79: S51544.A02 | K79: 46131 | L79: =K79-A79 -> 11 | M79: BRADO | N79: FARDÃO | O79: =SAPEZAL!D153 -> #REF! | P79: =I79-O79 -> #REF!
A80: 46125 | B80: 46125 | C80: BOA ESPERANÇA | D80: LUCAS DO RIO VERDE-MT | E80: LUCAS DO RIO VERDE-MT | F80: ALG RIO VERDE | G80: CUBATAO-SP | H80: 610 | I80: 471 | J80: S51626.A03 | K80: 46137 | L80: =K80-A80 -> 12 | M80: DEPOTCE | N80: FARDINHO | O80: ='LUCAS DO RIO VERDE'!D266 -> 471 | P80: =I80-O80 -> 0
A81: 46125 | B81: 46125 | C81: BOA ESPERANÇA | D81: SINOP-MT | E81: IPIRANGA DO NORTE-MT | F81: ALG IPIRANGA | G81: CUBATAO-SP | H81: 700 | I81: 270 | J81: S51626.A03 | K81: 46137 | L81: =K81-A81 -> 12 | M81: DEPOTCE | N81: FARDINHO | O81: =SINOP!D158 -> 270 | P81: =I81-O81 -> 0
A82: 46125 | B82: 46125 | C82: BOA ESPERANÇA | D82: SINOP-MT | E82: PORTO DOS GAUCHOS-MT | F82: ALG AGROVERA | G82: CUBATAO-SP | H82: 725 | I82: 248 | J82: S51626.A03 | K82: 46137 | L82: =K82-A82 -> 12 | M82: DEPOTCE | N82: FARDINHO | O82: =SINOP!D169 -> 248 | P82: =I82-O82 -> 0
A83: 46126 | B83: 46126 | C83: BOA ESPERANÇA | D83: LUCAS DO RIO VERDE-MT | E83: LUCAS DO RIO VERDE-MT | F83: ALG RIO VERDE | G83: GUARUJA-SP | H83: 610 | I83: 1071 | J83: 29616 | K83: 46134 | L83: =K83-A83 -> 8 | M83: MOVECTA | N83: FARDINHO | O83: ='LUCAS DO RIO VERDE'!D276 -> 1053 | P83: =I83-O83 -> 18
A84: 46126 | B84: 46126 | C84: SCHEFFER | D84: SINOP-MT | E84: UNIAO DO SUL-MT | F84: ALG SANTA TEREZA | G84: RONDONOPOLIS-MT | H84: 300 | I84: 1564 | J84: E0-S14661.A01 | K84: 46141 | L84: =K84-A84 -> 15 | M84: BRADO | N84: FARDÃO | O84: =SINOP!D178 -> 1561 | P84: =I84-O84 -> 3
A85: 46129 | B85: 46129 | C85: SCHEFFER | D85: SAPEZAL-MT | E85: SAPEZAL-MT | F85: ALG IRACEMA | G85: RONDONOPOLIS-MT | H85: 240 | I85: 212 | J85: V. 3155260117-A | K85: 46130 | M85: BRADO | N85: FARDÃO
I90: =SUM(I2:I82) -> 64100 | O90: =SUM(O2:O67) -> #REF! | P90: =SUM(P2:P85) -> #REF!

Sheet ACESSO - TERMINAIS
A1: TERMINAL | B1: DADOS AGENDAMENTO | C1: LOGIN | D1: SENHA
A2: NG REDEX | B2: VIA EMAIL agendamento@granport.com.br, ana.santos@granport.com.br, rogerio.guedes@granport.com.br Preencher planilha, anexar romaneio, ticket, nf, xml, cte e ficha motorista.
A3: SERRA TERMINAIS | B3: LINK: http://redex.serraterminais.com.br:8888/agendamento/ | C3: 019.361.981-42 | D3: 68388
A4: GELOG (PAULISTA TERMINAIS) | B4: LINK: https://www.microled.app.br/gelog/agendamento/Login.aspx | C4: 38948791000159 | D4: gelog2024
A5: ISIS TERMINAIS | B5: LINK: http://agendamento.isisredex.com.br/Patio1/ | C5: 017.774.112-03 | D5: 755671
A6: DINAMO | B6: LINK: http://redex.grupodinamo.com.br:8980/agendamentoredex2/ | C6: 061.988.851-27 | D6: 864784
A7: TSL | B7: LINK: http://redex.tslredex.com.br/AgendamentoRedex/ | C7: 044.508.931-82 | D7: 861635
A8: DALASTRA | B8: LINK: http://www.dalastra.com.br/agendamentoredex | C8: 017.774.112-03 | D8: 383233
A9: CORTÊS | B9: LINK: http://agendamento.cortes.com.br/Default.aspx CNPJ: 38948791000159 | C9: FIBRAFORTE | D9: UXBPBKXP
A10: TMDL | B10: LINK: https://agendamento.tmdl.com.br/Login.aspx | C10: 38948791000159 | D10: fibraforte
A11: DEPOTCE (CESARI) | B11: LINK: https://app.depotce.com.br/agendamentoAG/ | C11: 017.774.112-03 | D11: 528363
A12: DEPOTCE (CESARI) VIA PORTAL SILO | B12: LINK: https://silo.magnalogistics.com.br/transportador/dashboard/ | C12: fibraforte | D12: Senha123!
A13: MOVECTA (LOCAL FRIO) | B13: CLIENTE MANDA O LINK DE SOLICITAÇÃO JUNTO COM A LIBERAÇÃO DO FRETE, A SOLICITAÇÃO É PREENCHIDA, E O TERMINAL RETORNA DEPOIS COM O AGENDAMENTO SE O CLIENTE NÃO MANDAR, SOLICITAMOS VIA EMAIL. priscila.almoinha@magnalogistics.com.br, atendimento@magnalogistics.com.br ANEXAR PLANILHA E DOCUMENTOS
A14: UNITRADING LOGISTICA | B14: LINK: https://wmsweb.rasio.com.br/agendamento | C14: FIBRA FORTE | D14: FGGJATCG
A15: DELLA VOLPE | B15: VIA EMAIL: grp.santosimportacao@dellavolpe.com.br, wellington.novo@dellavolpe.com.br, vinicius.blanco@dellavolpe.com.br, bruna.lisboa@dellavolpe.com.br, lucas.viana@dellavolpe.com.br Mandar com planilha preenchida, e documentos em anexo.
A16: BCS CUBATÃO | B16: VIA EMAIL: expedicao3.terminal@bcsagf.com.br, expedicao8.terminal@bcsagf.com.br, terminal.cbt@bcsagf.com.br, expedicao5.terminal@bcsagf.com.br Mandar com planilha preenchida, e documentos em anexo.
A17: MOVECTA | B17: LINK: https://silo.magnalogistics.com.br/transportador/login/ | C17: fibraforte | D17: Senha123!
A18: ALAMO | B18: AGENDAMENTO POR EMAIL operacionalsantos@carconbr.com.br; agendamento@alamo.com.br; operacional@jbconex.com.br
A19: SIGMA | B19: LINK: http://54.232.113.39/AgendamentoRedex/ | C19: 019.361.981-42 | D19: 827245
A20: CONLONE | B20: LINK: http://agendamento.conlinessz.com.br | C20: 140.194.249-00 | D20: 328847
A21: ME DLOG | B21: https://medlogdepotweb.mscbr.com.br/SAEWeb/CadMotorista | C21: comercial@fibraforte.agr.br | D21: lh@x0f

Sheet SINOP
A1: Origem: | B1: ='LIBERAÇÕES'!E12 -> TABAPORA-MT | C1: Coleta: | D1: ='LIBERAÇÕES'!F12 -> ALG INDIO POSSESSO | E1: ='LIBERAÇÕES'!L12 -> -61 | F1: PRAZO FINALIZAR DEAD LINE (DIAS RESTANTES)
A2: Destino: | B2: ='LIBERAÇÕES'!G12 -> RONDONOPOLIS-MT | C2: Terminal: | D2: ='LIBERAÇÕES'!M12 -> LDC | E2: Tipo de fardo:
A3: Cliente: | B3: ='LIBERAÇÕES'!C12 -> NUTRADE | C3: Volume: | D3: 1980 | E3: ='LIBERAÇÕES'!N12 -> FARDÃO
A4: Instrução: | B4: ='LIBERAÇÕES'!J12 -> RDN-EXP-RDN-25-AL114 | C4: Carregado | D4: =SUM(E7:E15) -> 1980 | E4: FRETE EMP.
A5: Dead Line: | B5: ='LIBERAÇÕES'!K12 -> 46081 | C5: Saldo | D5: =D3-D4 -> 0 | E5: ='LIBERAÇÕES'!H12 -> 360
A6: STATUS | B6: PLACA | C6: TIPO VEIC. | D6: FRETE MOT. | E6: QTD. FARDOS
A7: FINALIZADO | B7: QCC0H80 | C7: RODOTREM | D7: 310 | E7: 220
A8: FINALIZADO | B8: QCS8G54 | C8: RODOTREM | D8: 310 | E8: 220
A9: FINALIZADO | B9: QBV9F31 | C9: RODOTREM | D9: 300 | E9: 220
A10: FINALIZADO | B10: QCL1H44 | C10: RODOTREM | D10: 300 | E10: 220
A11: FINALIZADO | B11: QCS8G54 | C11: RODOTREM | D11: 300 | E11: 220
A12: FINALIZADO | B12: QCL1H44 | C12: RODOTREM | D12: 300 | E12: 220
A13: FINALIZADO | B13: QCY6F72 | C13: RODOTREM | D13: 300 | E13: 228
A14: FINALIZADO | B14: PGL9872 | C14: RODOTREM | D14: 280 | E14: 212
A15: FINALIZADO | B15: AXB4E11 | C15: RODOTREM | D15: 280 | E15: 220
A17: Origem: | B17: ='LIBERAÇÕES'!E17 -> PORTO DOS GAUCHOS-MT | C17: Coleta: | D17: ='LIBERAÇÕES'!F17 -> ALG AGROVERA | E17: ='LIBERAÇÕES'!L17 -> -71 | F17: PRAZO FINALIZAR DEAD LINE (DIAS RESTANTES)
A18: Destino: | B18: ='LIBERAÇÕES'!G17 -> GUARUJA-SP | C18: Terminal: | D18: ='LIBERAÇÕES'!M17 -> MOVECITA | E18: Tipo de fardo:
A19: Cliente: | B19: ='LIBERAÇÕES'!C17 -> BOA ESPERANÇA | C19: Volume: | D19: ='LIBERAÇÕES'!I17 -> 137 | E19: ='LIBERAÇÕES'!N17 -> FARDINHO
A20: Instrução: | B20: ='LIBERAÇÕES'!J17 -> BOA02525 | C20: Carregado | D20: =SUM(E23:E24) -> 137 | E20: FRETE EMP.
A21: Dead Line: | B21: ='LIBERAÇÕES'!K17 -> 46071 | C21: Saldo | D21: =D19-D20 -> 0 | E21: ='LIBERAÇÕES'!H17 -> 650
A22: STATUS | B22: PLACA | C22: TIPO VEIC. | D22: FRETE MOT. | E22: QTD. FARDOS
A23: FINALIZADO | B23: SQD6D28 | C23: LS SIDER | E23: 137
A26: Origem: | B26: ='LIBERAÇÕES'!E19 -> IPIRANGA DO NORTE-MT | C26: Coleta: | D26: ='LIBERAÇÕES'!F19 -> ALG IPIRANGA | E26: ='LIBERAÇÕES'!L19 -> -71 | F26: PRAZO FINALIZAR DEAD LINE (DIAS RESTANTES)
A27: Destino: | B27: ='LIBERAÇÕES'!G19 -> GUARUJA-SP | C27: Terminal: | D27: ='LIBERAÇÕES'!M19 -> MOVECITA | E27: Tipo de fardo:
A28: Cliente: | B28: ='LIBERAÇÕES'!C19 -> BOA ESPERANÇA | C28: Volume: | D28: ='LIBERAÇÕES'!I19 -> 169 | E28: ='LIBERAÇÕES'!N19 -> FARDINHO
A29: Instrução: | B29: ='LIBERAÇÕES'!J19 -> BOA02525 | C29: Carregado | D29: =SUM(E32:E33) -> 169 | E29: FRETE EMP.
A30: Dead Line: | B30: ='LIBERAÇÕES'!K19 -> 46071 | C30: Saldo | D30: =D28-D29 -> 0 | E30: ='LIBERAÇÕES'!H19 -> 650
A31: STATUS | B31: PLACA | C31: TIPO VEIC. | D31: FRETE MOT. | E31: QTD. FARDOS
A32: FINALIZADO | B32: RAY7E40 | C32: RODOTREM | E32: 169
A35: Origem: | B35: ='LIBERAÇÕES'!E22 -> IPIRANGA DO NORTE-MT | C35: Coleta: | D35: ='LIBERAÇÕES'!F22 -> ALG 242 | E35: ='LIBERAÇÕES'!L22 -> -73 | F35: PRAZO FINALIZAR DEAD LINE (DIAS RESTANTES)
A36: Destino: | B36: ='LIBERAÇÕES'!G22 -> SANTOS-SP | C36: Terminal: | D36: ='LIBERAÇÕES'!M22 -> SIGMA | E36: Tipo de fardo:
A37: Cliente: | B37: ='LIBERAÇÕES'!C22 -> COFCO | C37: Volume: | D37: ='LIBERAÇÕES'!I22 -> 157 | E37: ='LIBERAÇÕES'!N22 -> FARDINHO
A38: Instrução: | B38: ='LIBERAÇÕES'!J22 -> S07423-MAR-01 | C38: Carregado | D38: =SUM(E41:E42) -> 157 | E38: FRETE EMP.
A39: Dead Line: | B39: ='LIBERAÇÕES'!K22 -> 46069 | C39: Saldo | D39: =D37-D38 -> 0 | E39: ='LIBERAÇÕES'!H22 -> 660
A40: STATUS | B40: PLACA | C40: TIPO VEIC. | D40: FRETE MOT. | E40: QTD. FARDOS
A41: FINALIZADO | B41: SQA5H93 | C41: LS SIDER | E41: 157
A44: Origem: | B44: ='LIBERAÇÕES'!E46 -> SINOP-MT | C44: Coleta: | D44: ='LIBERAÇÕES'!F46 -> ALG PRANTE | E44: ='LIBERAÇÕES'!L46 -> -55 | F44: PRAZO FINALIZAR DEAD LINE (DIAS RESTANTES)
A45: Destino: | B45: ='LIBERAÇÕES'!G46 -> CUBATAO-SP | C45: Terminal: | D45: ='LIBERAÇÕES'!M46 -> CONLINE | E45: Tipo de fardo:
A46: Cliente: | B46: ='LIBERAÇÕES'!C46 -> COFCO | C46: Volume: | D46: ='LIBERAÇÕES'!I46 -> 4545 | E46: ='LIBERAÇÕES'!N46 -> FARDÃO
A47: Instrução: | B47: ='LIBERAÇÕES'!J46 -> WH-S07433-B-HCMC-FEV-01 | C47: Carregado | D47: =SUM(E50:E58) -> 1264 | E47: FRETE EMP.
A48: Dead Line: | B48: ='LIBERAÇÕES'!K46 -> 46087 | C48: Saldo | D48: =D46-D47 -> 3281 | E48: ='LIBERAÇÕES'!H46 -> 841
A49: STATUS | B49: PLACA | C49: TIPO VEIC. | D49: FRETE MOT. | E49: QTD. FARDOS
A50: FINALIZADO | B50: APW5A07 | C50: LS GRANELEIRO | D50: 615 | E50: 151
A51: FINALIZADO | B51: QBY9G98 | C51: VANDERLEIA SIDER | D51: 610 | E51: 152
A52: FINALIZADO | B52: SHX5H64 | C52: 4º EIXOS | D52: 620 | E52: 178
A53: FINALIZADO | B53: NCC5A49 | C53: 4º EIXOS | D53: 620 | E53: 145
A54: FINALIZADO | B54: OBL2241 | C54: 4º EIXOS | D54: 620 | E54: 158
A55: FINALIZADO | B55: BTT9E74 | C55: 4º EIXOS | D55: 620 | E55: 145
A56: FINALIZADO | B56: NCR9J52 | C56: 4º EIXOS | D56: 610 | E56: 170
A57: FINALIZADO | B57: EMU6F56 | C57: VANDERLEIA SIDER | D57: 620 | E57: 165
A60: Origem: | B60: ='LIBERAÇÕES'!E47 -> IPIRANGA DO NORTE-MT | C60: Coleta: | D60: ='LIBERAÇÕES'!F47 -> ALG DAGHETTI COTTON | E60: ='LIBERAÇÕES'!L47 -> -55 | F60: PRAZO FINALIZAR DEAD LINE (DIAS RESTANTES)
A61: Destino: | B61: ='LIBERAÇÕES'!G47 -> CUBATAO-SP | C61: Terminal: | D61: ='LIBERAÇÕES'!M47 -> ISIS | E61: Tipo de fardo:
A62: Cliente: | B62: ='LIBERAÇÕES'!C47 -> COFCO | C62: Volume: | D62: ='LIBERAÇÕES'!I47 -> 111 | E62: ='LIBERAÇÕES'!N47 -> FARDINHO
A63: Instrução: | B63: ='LIBERAÇÕES'!J47 -> S07469-MÃE-JAN-01 | C63: Carregado | D63: 0 | E63: FRETE EMP.
A64: Dead Line: | B64: ='LIBERAÇÕES'!K47 -> 46087 | C64: Saldo | D64: =D62-D63 -> 111 | E64: ='LIBERAÇÕES'!H47 -> 830
A65: STATUS | B65: PLACA | C65: TIPO VEIC. | D65: FRETE MOT. | E65: QTD. FARDOS
A70: Origem: | B70: ='LIBERAÇÕES'!E15 -> IPIRANGA DO NORTE-MT | C70: Coleta: | D70: ='LIBERAÇÕES'!F15 -> ALG HORIZONTINA | E70: ='LIBERAÇÕES'!L15 -> -52 | F70: PRAZO FINALIZAR DEAD LINE (DIAS RESTANTES)
A71: Destino: | B71: ='LIBERAÇÕES'!G15 -> GUARUJA-SP | C71: Terminal: | D71: ='LIBERAÇÕES'!M15 -> MOVECITA | E71: Tipo de fardo:
A72: Cliente: | B72: ='LIBERAÇÕES'!C15 -> NUTRADE | C72: Volume: | D72: ='LIBERAÇÕES'!I15 -> 264 | E72: ='LIBERAÇÕES'!N15 -> FARDINHO
A73: Instrução: | B73: ='LIBERAÇÕES'!J15 -> 25424HK-04A | C73: Carregado | D73: =SUM(E76:E84) -> 775 | E73: FRETE EMP.
A74: Dead Line: | B74: ='LIBERAÇÕES'!K15 -> 46090 | C74: Saldo | D74: =D72-D73 -> -511 | E74: ='LIBERAÇÕES'!H15 -> 650
A75: STATUS | B75: PLACA | C75: TIPO VEIC. | D75: FRETE MOT. | E75: QTD. FARDOS
A80: Origem: | B80: ='LIBERAÇÕES'!E47 -> IPIRANGA DO NORTE-MT | C80: Coleta: | D80: ='LIBERAÇÕES'!F47 -> ALG DAGHETTI COTTON | E80: ='LIBERAÇÕES'!L47 -> -55 | F80: PRAZO FINALIZAR DEAD LINE (DIAS RESTANTES)
A81: Destino: | B81: ='LIBERAÇÕES'!G47 -> CUBATAO-SP | C81: Terminal: | D81: ='LIBERAÇÕES'!M47 -> ISIS | E81: Tipo de fardo:
A82: Cliente: | B82: ='LIBERAÇÕES'!C47 -> COFCO | C82: Volume: | D82: ='LIBERAÇÕES'!I47 -> 111 | E82: ='LIBERAÇÕES'!N47 -> FARDINHO
A83: Instrução: | B83: ='LIBERAÇÕES'!J47 -> S07469-MÃE-JAN-01 | C83: Carregado | D83: =SUM(E86:E88) -> 111 | E83: FRETE EMP.
A84: Dead Line: | B84: ='LIBERAÇÕES'!K47 -> 46087 | C84: Saldo | D84: =D82-D83 -> 0 | E84: ='LIBERAÇÕES'!H47 -> 830
A85: STATUS | B85: PLACA | C85: TIPO VEIC. | D85: FRETE MOT. | E85: QTD. FARDOS
A86: FINALIZADO | B86: BWW1C94 | C86: LS GRANELEIRO | D86: 650 | E86: 111
A90: Origem: | B90: ='LIBERAÇÕES'!E63 -> SINOP-MT | C90: Coleta: | D90: ='LIBERAÇÕES'!F63 -> ALG PRANTE | E90: ='LIBERAÇÕES'!L57 -> -41 | F90: PRAZO FINALIZAR DEAD LINE (DIAS RESTANTES)
A91: Destino: | B91: ='LIBERAÇÕES'!G63 -> RONDONOPOLIS-MT | C91: Terminal: | D91: ='LIBERAÇÕES'!M63 -> EISA | E91: Tipo de fardo:
A92: Cliente: | B92: ='LIBERAÇÕES'!C63 -> NUTRADE | C92: Volume: | D92: ='LIBERAÇÕES'!I63 -> 220 | E92: ='LIBERAÇÕES'!N57 -> FARDÃO
A93: Instrução: | B93: ='LIBERAÇÕES'!J63 -> SIRON-EXP-3155257016-057-01A | C93: Carregado | D93: =E96 -> 220 | E93: FRETE EMP.
A94: Dead Line: | B94: ='LIBERAÇÕES'!K63 -> 46112 | C94: Saldo | D94: =D92-D93 -> 0 | E94: ='LIBERAÇÕES'!H63 -> 290
A95: STATUS | B95: PLACA | C95: TIPO VEIC. | D95: FRETE MOT. | E95: QTD. FARDOS
A96: AGENDADO | B96: QCO9491 | C96: RODOTREM | D96: 225 | E96: 220
A100: Origem: | B100: ='LIBERAÇÕES'!E56 -> MARCELANDIA-MT | C100: Coleta: | D100: ='LIBERAÇÕES'!F56 -> ALG FISTAROL | E100: ='LIBERAÇÕES'!L92 | F100: PRAZO FINALIZAR DEAD LINE (DIAS RESTANTES)
A101: Destino: | B101: ='LIBERAÇÕES'!G56 -> RONDONOPOLIS-MT | C101: Terminal: | D101: ='LIBERAÇÕES'!M56 -> LDC | E101: Tipo de fardo:
A102: Cliente: | B102: ='LIBERAÇÕES'!C56 -> NUTRADE | C102: Volume: | D102: ='LIBERAÇÕES'!I56 -> 1260 | E102: ='LIBERAÇÕES'!N92
A103: Instrução: | B103: ='LIBERAÇÕES'!J56 -> SI RDN-EXP-RDN-25-AL160 | C103: Carregado | D103: =SUM(E106:E117) -> 1260 | E103: FRETE EMP.
A104: Dead Line: | B104: ='LIBERAÇÕES'!K98 | C104: Saldo | D104: =D102-D103 -> 0 | E104: ='LIBERAÇÕES'!H56 -> 350
A105: STATUS | B105: PLACA | C105: TIPO VEIC. | D105: FRETE MOT. | E105: QTD. FARDOS
A106: FINALIZADO | B106: FYC1D52 | C106: RODOTREM | E106: 226
A107: FINALIZADO | B107: FVI8G80 | C107: VANDERLEIA SIDER | E107: 170
A108: FINALIZADO | B108: BCJ1E71 | C108: 4º EIXOS | E108: 160
A109: FINALIZADO | B109: MGW0G86 | C109: LS SIDER | E109: 161
A110: FINALIZADO | B110: SFV0E09 | C110: 4º EIXOS | E110: 152
A111: FINALIZADO | B111: OAQ0F20 | C111: RODOTREM | E111: 216
A112: FINALIZADO | C112: RODOTREM | E112: 175
A119: Origem: | B119: ='LIBERAÇÕES'!E68 -> IPIRANGA DO NORTE-MT | C119: Coleta: | D119: ='LIBERAÇÕES'!F68 -> ALG DAGHETTI COTTON | E119: ='LIBERAÇÕES'!L111 | F119: PRAZO FINALIZAR DEAD LINE (DIAS RESTANTES)
A120: Destino: | B120: ='LIBERAÇÕES'!M68 -> TBM LOG | C120: Terminal: | D120: ='LIBERAÇÕES'!M69 -> TBM LOG | E120: Tipo de fardo:
A121: Cliente: | B121: ='LIBERAÇÕES'!C68 -> COFCO | C121: Volume: | D121: ='LIBERAÇÕES'!I68 -> 194 | E121: ='LIBERAÇÕES'!N111
A122: Instrução: | B122: ='LIBERAÇÕES'!J68 -> WH-TBM-MAR26-05 | C122: Carregado | D122: =SUM(E125) -> 194 | E122: FRETE EMP.
A123: Dead Line: | B123: ='LIBERAÇÕES'!K117 | C123: Saldo | D123: =D121-D122 -> 0 | E123: ='LIBERAÇÕES'!H90
A124: STATUS | B124: PLACA | C124: TIPO VEIC. | D124: FRETE MOT. | E124: QTD. FARDOS
A125: AGENDADO | B125: OBN1H74 | C125: RODOTREM | E125: 194
A127: Origem: | B127: ='LIBERAÇÕES'!E74 -> IPIRANGA DO NORTE-MT | C127: Coleta: | D127: ='LIBERAÇÕES'!F74 -> ALG IPIRANGA | E127: ='LIBERAÇÕES'!L119 | F127: PRAZO FINALIZAR DEAD LINE (DIAS RESTANTES)
A128: Destino: | B128: ='LIBERAÇÕES'!G74 -> SANTOS-SP | C128: Terminal: | D128: ='LIBERAÇÕES'!M74 -> SMAGALHÃES | E128: Tipo de fardo:
A129: Cliente: | B129: ='LIBERAÇÕES'!C74 -> BOA ESPERANÇA | C129: Volume: | D129: ='LIBERAÇÕES'!I74 -> 420 | E129: ='LIBERAÇÕES'!N119
A130: Instrução: | B130: ='LIBERAÇÕES'!J74 -> EBKG16354766 | C130: Carregado | D130: =E133+E134 -> 420 | E130: FRETE EMP.
...

Sheet LUCAS DO RIO VERDE
A1: Origem: | B1: ='LIBERAÇÕES'!E4 -> LUCAS DO RIO VERDE-MT | C1: Coleta: | D1: ='LIBERAÇÕES'!F4 -> ALG S COTTON | E1: ='LIBERAÇÕES'!L4 -> -73 | F1: PRAZO FINALIZAR DEAD LINE (DIAS RESTANTES)
A2: Destino: | B2: ='LIBERAÇÕES'!G4 -> SANTOS-SP | C2: Terminal: | D2: ='LIBERAÇÕES'!M4 -> ALAMO | E2: Tipo de fardo:
A3: Cliente: | B3: ='LIBERAÇÕES'!C4 -> COFCO | C3: Volume: | D3: ='LIBERAÇÕES'!I4 -> 1206 | E3: ='LIBERAÇÕES'!N4 -> FARDINHO
A4: Instrução: | B4: ='LIBERAÇÕES'!J4 -> S07453-MÃE-JAN-01 | C4: Carregado | D4: =SUM(E7:E13) -> 1206 | E4: FRETE EMP.
A5: Dead Line: | B5: ='LIBERAÇÕES'!K4 -> 46069 | C5: Saldo | D5: =D3-D4 -> 0 | E5: ='LIBERAÇÕES'!H4 -> 670
A6: STATUS | B6: PLACA | C6: TIPO VEIC. | D6: FRETE MOT. | E6: QTD. FARDOS
A7: FINALIZADO | B7: HTP9G84 | C7: 4º EIXOS | D7: 600 | E7: 180
A8: FINALIZADO | B8: QBY9G98 | C8: VANDERLEIA SIDER | D8: 600 | E8: 175
A9: FINALIZADO | B9: QBY7G60 | C9: VANDERLEIA SIDER | D9: 600 | E9: 175
A10: FINALIZADO | B10: RAK6E65 | C10: VANDERLEIA SIDER | D10: 600 | E10: 175
A11: FINALIZADO | B11: QCK1I54 | C11: 4º EIXOS | D11: 630 | E11: 175
A12: FINALIZADO | B12: TEJ1F10 | C12: 4º EIXOS | D12: 600 | E12: 162
A13: FINALIZADO | B13: TXB8F06 | C13: 4º EIXOS | D13: 600 | E13: 164
A15: Origem: | B15: ='LIBERAÇÕES'!E5 -> LUCAS DO RIO VERDE-MT | C15: Coleta: | D15: ='LIBERAÇÕES'!F5 -> ALG S COTTON | E15: ='LIBERAÇÕES'!L5 -> -76 | F15: PRAZO FINALIZAR DEAD LINE (DIAS RESTANTES)
A16: Destino: | B16: ='LIBERAÇÕES'!G5 -> CUBATAO-SP | C16: Terminal: | D16: ='LIBERAÇÕES'!M5 -> ISIS | E16: Tipo de fardo:
A17: Cliente: | B17: ='LIBERAÇÕES'!C5 -> COFCO | C17: Volume: | D17: ='LIBERAÇÕES'!I5 -> 169 | E17: ='LIBERAÇÕES'!N5 -> FARDINHO
A18: Instrução: | B18: ='LIBERAÇÕES'!J5 -> RODO-M37-JAN26-13 | C18: Carregado | D18: =SUM(E21) -> 0 | E18: FRETE EMP.
A19: Dead Line: | B19: ='LIBERAÇÕES'!K5 -> 46066 | C19: Saldo | D19: =D17-D18 -> 169 | E19: ='LIBERAÇÕES'!H5 -> 670
A20: STATUS | B20: PLACA | C20: TIPO VEIC. | D20: FRETE MOT. | E20: QTD. FARDOS
A23: Origem: | B23: ='LIBERAÇÕES'!E6 -> LUCAS DO RIO VERDE-MT | C23: Coleta: | D23: ='LIBERAÇÕES'!F6 -> ALG MARAPÉ | E23: ='LIBERAÇÕES'!L6 -> -76 | F23: PRAZO FINALIZAR DEAD LINE (DIAS RESTANTES)
A24: Destino: | B24: ='LIBERAÇÕES'!G6 -> CUBATAO-SP | C24: Terminal: | D24: ='LIBERAÇÕES'!M6 -> CONLINE | E24: Tipo de fardo:
A25: Cliente: | B25: ='LIBERAÇÕES'!C6 -> COFCO | C25: Volume: | D25: ='LIBERAÇÕES'!I6 -> 0 | E25: ='LIBERAÇÕES'!N6 -> FARDÃO
A26: Instrução: | B26: ='LIBERAÇÕES'!J6 -> WH-CONLINE-NOV25-16-SLM37 | C26: Carregado | D26: =SUM(E29:E30) -> 0 | E26: FRETE EMP.
A27: Dead Line: | B27: ='LIBERAÇÕES'!K6 -> 46066 | C27: Saldo | D27: =D25-D26 -> 0 | E27: ='LIBERAÇÕES'!H6 -> 670
A28: STATUS | B28: PLACA | C28: TIPO VEIC. | D28: FRETE MOT. | E28: QTD. FARDOS
A32: Origem: | B32: ='LIBERAÇÕES'!E7 -> LUCAS DO RIO VERDE-MT | C32: Coleta: | D32: ='LIBERAÇÕES'!F7 -> ALG MARAPÉ | E32: ='LIBERAÇÕES'!L7 -> -73 | F32: PRAZO FINALIZAR DEAD LINE (DIAS RESTANTES)
A33: Destino: | B33: ='LIBERAÇÕES'!G7 -> CUBATAO-SP | C33: Terminal: | D33: ='LIBERAÇÕES'!M7 -> ISIS | E33: Tipo de fardo:
A34: Cliente: | B34: ='LIBERAÇÕES'!C7 -> COFCO | C34: Volume: | D34: ='LIBERAÇÕES'!I7 -> 7667 | E34: ='LIBERAÇÕES'!N7 -> FARDÃO
A35: Instrução: | B35: ='LIBERAÇÕES'!J7 -> RODO-M36-JAN26-08 | C35: Carregado | D35: =SUM(E38:E80) -> 7667 | E35: FRETE EMP.
A36: Dead Line: | B36: ='LIBERAÇÕES'!K7 -> 46069 | C36: Saldo | D36: =D34-D35 -> 0 | E36: ='LIBERAÇÕES'!H7 -> 670
A37: STATUS | B37: PLACA | C37: TIPO VEIC. | D37: FRETE MOT. | E37: QTD. FARDOS
A38: FINALIZADO | B38: SLZ0J73 | C38: 4º EIXOS SIDER | D38: 600 | E38: 128
A39: FINALIZADO | B39: ANP2J95 | C39: LS GRANELEIRO | D39: 600 | E39: 150
A40: FINALIZADO | B40: AWP6J15 | C40: LS SIDER | D40: 600 | E40: 150
A41: FINALIZADO | B41: SQA5D03 | C41: LS SIDER | D41: 600 | E41: 150
A42: FINALIZADO | B42: ONT4277 | C42: LS GRANELEIRO | D42: 600 | E42: 180
A43: FINALIZADO | B43: BXF9813 | C43: LS SIDER | D43: 600 | E43: 170
A44: FINALIZADO | B44: RWG1D11 | C44: 4º EIXOS | D44: 600 | E44: 180
A45: FINALIZADO | B45: SMA7D14 | C45: 4º EIXOS | D45: 600 | E45: 180
A46: FINALIZADO | B46: NDJ3566 | C46: LS SIDER | D46: 600 | E46: 170
A47: FINALIZADO | B47: PRD0138 | C47: LS SIDER | D47: 600 | E47: 170
A48: FINALIZADO | B48: EVO4155 | C48: 4º EIXOS | D48: 620 | E48: 180
A49: FINALIZADO | B49: AZO2F35 | C49: 4º EIXOS | D49: 600 | E49: 175
... A56: FINALIZADO | B56: GAF3G10 | C56: 4º EIXOS SIDER | D56: 600 | E56: 175
A57: FINALIZADO | B57: IVG1J45 | C57: 4º EIXOS SIDER | D57: 600 | E57: 165 | F57: PIX PAGO
A58: FINALIZADO | B58: RRQ1G05 | C58: LS SIDER | D58: 600 | E58: 160
A59: FINALIZADO | B59: OUI3842 | C59: LS SIDER | D59: 630 | E59: 160
A60: FINALIZADO | B60: SWY2B53 | C60: RODOTREM SIDER | D60: 620 | E60: 220
A61: FINALIZADO | B61: RHW6B04 | C61: 4º EIXOS | D61: 600 | E61: 175 | F61: CARTA FRETE
A62: FINALIZADO | B62: REZ7B09 | C62: RODOTREM | D62: 600 | E62: 230 | F62: SOLICITADO
A63: FINALIZADO | B63: GXA3269 | C63: 4º EIXOS | D63: 600 | E63: 175 | F63: CARTA FRETE
A64: FINALIZADO | B64: RJX5B70 | C64: LS SIDER | D64: 600 | E64: 135 | F64: SOLICITADO
A65: FINALIZADO | B65: DPE3F31 | C65: LS SIDER | D65: 600 | E65: 170 | F65: SOLICITADO
A66: FINALIZADO | B66: DPF6E35 | C66: 4º EIXOS | D66: 615 | E66: 180 | F66: SOLICITADO
A67: FINALIZADO | B67: BXH1D48 | C67: 4º EIXOS SIDER | D67: 630 | E67: 169 | F67: PIX / PAGO
A68: FINALIZADO | B68: GJT0F23 | C68: 4º EIXOS | D68: 600 | E68: 180 | F68: SOLICITADO
A69: FINALIZADO | B69: IYH5173 | C69: LS GRANELEIRO | D69: 600 | E69: 170 | F69: SOLICITADO
A70: FINALIZADO | B70: QQI5E62 | C70: RODOTREM | D70: 630 | E70: 220 | F70: SOLICITADO
A71: FINALIZADO | B71: SPQ9B55 | C71: RODOTREM | D71: 600 | E71: 220 | F71: SOLICITADO
A72: FINALIZADO | B72: UFJ1H39 | C72: RODOTREM | D72: 600 | E72: 220 | F72: SOLICITADO
... A74: FINALIZADO | B74: GJT6E71 | C74: LS GRANELEIRO | D74: 610 | E74: 150 | F74: SOLICITADO
A75: FINALIZADO | B75: QCL4E86 | C75: RODOTREM | D75: 600 | E75: 220
A76: FINALIZADO | B76: AUV8F09 | C76: 4º EIXOS | D76: 610 | E76: 180 | F76: SOLICITADO
A77: FINALIZADO | B77: IYC5D89 | C77: 4º EIXOS | D77: 620 | E77: 175 | F77: SOLICITADO
A78: FINALIZADO | B78: GJS4D97 | C78: RODOTREM | D78: 600 | E78: 220
A79: FINALIZADO | B79: NDJ3566 | C79: LS GRANELEIRO | D79: 600 | E79: 175 | F79: SOLICITADO
A80: FINALIZADO | B80: RKM9B00 | C80: VANDERLEIA SIDER | D80: 610 | E80: 180
A82: Origem: | B82: ='LIBERAÇÕES'!E8 -> LUCAS DO RIO VERDE-MT | C82: Coleta: | D82: ='LIBERAÇÕES'!F8 -> ALG MARAPÉ | E82: ='LIBERAÇÕES'!L8 -> -73 | F82: PRAZO FINALIZAR DEAD LINE (DIAS RESTANTES)
A83: Destino: | B83: ='LIBERAÇÕES'!G8 -> SANTOS-SP | C83: Terminal: | D83: ='LIBERAÇÕES'!M8 -> MEDLOG | E83: Tipo de fardo:
A84: Cliente: | B84: ='LIBERAÇÕES'!C8 -> COFCO | C84: Volume: | D84: ='LIBERAÇÕES'!I8 -> 3477 | E84: ='LIBERAÇÕES'!N8 -> FARDÃO
A85: Instrução: | B85: ='LIBERAÇÕES'!J8 -> RODO-M37-JAN26-07 | C85: Carregado | D85: =SUM(E88:E109) -> 3477 | E85: FRETE EMP.
A86: Dead Line: | B86: ='LIBERAÇÕES'!K8 -> 46069 | C86: Saldo | D86: =D84-D85 -> 0 | E86: ='LIBERAÇÕES'!H8 -> 670
A87: STATUS | B87: PLACA | C87: TIPO VEIC. | D87: FRETE MOT. | E87: QTD. FARDOS
A88: FINALIZADO | B88: CDX5I17 | C88: LS SIDER | D88: 605 | E88: 129
A89: FINALIZADO | B89: RAC7F96 | C89: RODOTREM | D89: 620 | E89: 220
A90: FINALIZADO | B90: QTL8656 | C90: RODOTREM | D90: 620 | E90: 220
A91: FINALIZADO | B91: FPA8E56 | C91: 4º EIXOS SIDER | D91: 600 | E91: 151
A92: FINALIZADO | B92: OON1J80 | C92: 4º EIXOS | D92: 600 | E92: 168
A93: FINALIZADO | B93: RHW6B04 | C93: 4º EIXOS SIDER | D93: 630 | E93: 150
A94: FINALIZADO | B94: JDG7E92 | C94: LS GRANELEIRO | D94: 600 | E94: 135
A95: FINALIZADO | B95: OZM9J79 | C95: LS GRANELEIRO | D95: 600 | E95: 140
A96: FINALIZADO | B96: ASM5876 | C96: LS GRANELEIRO | D96: 600 | E96: 134
A97: FINALIZADO | B97: QJX4D57 | C97: RODOTREM | D97: 600 | E97: 220
A98: FINALIZADO | B98: FFN1H58 | C98: 4º EIXOS | D98: 600 | E98: 170
A99: FINALIZADO | B99: MIB4I90 | C99: 4º EIXOS | D99: 600 | E99: 160
... A104: FINALIZADO | B104: STI7D82 | C104: VANDERLEIA SIDER | D104: 620 | E104: 132
A105: FINALIZADO | B105: GAF3G10 | C105: 4º EIXOS | D105: 600
A106: FINALIZADO | B106: RQQ9E33 | C106: LS SIDER | D106: 600 | E106: 165
A107: FINALIZADO | B107: ASX0I38 | C107: LS SIDER | D107: 620 | E107: 150
A108: FINALIZADO | B108: RUN9F79 | C108: VANDERLEIA SIDER | D108: 620 | E108: 170
A109: FINALIZADO | B109: RKM9B00 | C109: VANDERLEIA SIDER | D109: 610 | E109: 147 | F109: CF
A111: Origem: | B111: ='LIBERAÇÕES'!E11 -> LUCAS DO RIO VERDE-MT | C111: Coleta: | D111: ='LIBERAÇÕES'!F11 -> ALG MARAPÉ | E111: ='LIBERAÇÕES'!L11 -> -73 | F111: PRAZO FINALIZAR DEAD LINE (DIAS RESTANTES)
A112: Destino: | B112: ='LIBERAÇÕES'!G11 -> SANTOS-SP | C112: Terminal: | D112: ='LIBERAÇÕES'!M11 -> SIGMA | E112: Tipo de fardo: | F112: PEDIDO 27620
A113: Cliente: | B113: ='LIBERAÇÕES'!C11 -> COFCO | C113: Volume: | D113: ='LIBERAÇÕES'!I11 -> 156 | E113: ='LIBERAÇÕES'!N11 -> FARDÃO
A114: Instrução: | B114: ='LIBERAÇÕES'!J11 -> S07153-A-JAN-01 | C114: Carregado | D114: =SUM(E117:E119) -> 156 | E114: FRETE EMP.
A115: Dead Line: | B115: ='LIBERAÇÕES'!K11 -> 46069 | C115: Saldo | D115: =D113-D114 -> 0 | E115: ='LIBERAÇÕES'!H11 -> 670
A116: STATUS | B116: PLACA | C116: TIPO VEIC. | D116: FRETE MOT. | E116: QTD. FARDOS
A117: FINALIZADO | B117: HBG3J48 | C117: 4º EIXOS SIDER | D117: 630 | E117: 156
A121: Origem: | B121: ='LIBERAÇÕES'!E13 -> LUCAS DO RIO VERDE-MT | C121: Coleta: | D121: ='LIBERAÇÕES'!F13 -> ALG SANTO ANTONIO | E121: ='LIBERAÇÕES'!L13 -> -61 | F121: PRAZO FINALIZAR DEAD LINE (DIAS RESTANTES)
A122: Destino: | B122: ='LIBERAÇÕES'!G13 -> RONDONOPOLIS-MT | C122: Terminal: | D122: ='LIBERAÇÕES'!M13 -> LDC | E122: Tipo de fardo:
...

Sheet SAPEZAL
A1: Origem: | B1: ='LIBERAÇÕES'!E9 -> SAPEZAL-MT | C1: Coleta: | D1: ='LIBERAÇÕES'!F9 -> ALG RAFAELA | E1: ='LIBERAÇÕES'!L9 -> -73 | F1: PRAZO FINALIZAR DEAD LINE (DIAS RESTANTES)
A2: Destino: | B2: ='LIBERAÇÕES'!G9 -> RONDONOPOLIS-MT | C2: Terminal: | D2: ='LIBERAÇÕES'!M9 -> BRADO | E2: Tipo de fardo:
A3: Cliente: | B3: ='LIBERAÇÕES'!C9 -> SCHEFFER | C3: Volume: | D3: ='LIBERAÇÕES'!I9 -> 110 | E3: ='LIBERAÇÕES'!N9 -> FARDÃO
A4: Instrução: | B4: ='LIBERAÇÕES'!J9 -> S/BR/49 | C4: Carregado | D4: =SUM(E7) -> 110 | E4: FRETE EMP.
A5: Dead Line: | B5: ='LIBERAÇÕES'!K9 -> 46069 | C5: Saldo | D5: =D3-D4 -> 0 | E5: ='LIBERAÇÕES'!H9 -> 270
A6: STATUS | B6: PLACA | C6: TIPO VEIC. | D6: FRETE MOT. | E6: QTD. FARDOS
A7: FINALIZADO | B7: IZL7I77 | C7: LS GRANELEIRO | D7: 255 | E7: 110
A9: Origem: | B9: ='LIBERAÇÕES'!E10 -> SAPEZAL-MT | C9: Coleta: | D9: ='LIBERAÇÕES'!F10 -> ALG TRES LAGOAS | E9: ='LIBERAÇÕES'!L10 -> -73 | F9: PRAZO FINALIZAR DEAD LINE (DIAS RESTANTES)
A10: Destino: | B10: ='LIBERAÇÕES'!G10 -> RONDONOPOLIS-MT | C10: Terminal: | D10: ='LIBERAÇÕES'!M10 -> BRADO | E10: Tipo de fardo:
A11: Cliente: | B11: ='LIBERAÇÕES'!C10 -> SCHEFFER | C11: Volume: | D11: ='LIBERAÇÕES'!I10 -> 440 | E11: ='LIBERAÇÕES'!N10 -> FARDÃO
A12: Instrução: | B12: ='LIBERAÇÕES'!J10 -> S/BR/49 | C12: Carregado | D12: =SUM(E15:E16) -> 440 | E12: FRETE EMP.
A13: Dead Line: | B13: ='LIBERAÇÕES'!K10 -> 46069 | C13: Saldo | D13: =D11-D12 -> 0 | E13: ='LIBERAÇÕES'!H10 -> 270
A14: STATUS | B14: PLACA | C14: TIPO VEIC. | D14: FRETE MOT. | E14: QTD. FARDOS
A15: FINALIZADO | B15: SLH9C34 | C15: RODOTREM | D15: 240 | E15: 220
A16: FINALIZADO | B16: RAR6H56 | C16: RODOTREM | D16: 250 | E16: 220
A18: Origem: | B18: ='LIBERAÇÕES'!E30 -> SAPEZAL-MT | C18: Coleta: | D18: ='LIBERAÇÕES'!F30 -> ALG BC COTTON | E18: ='LIBERAÇÕES'!L30 -> -61 | F18: PRAZO FINALIZAR DEAD LINE (DIAS RESTANTES)
A19: Destino: | B19: ='LIBERAÇÕES'!G30 -> SANTOS-SP | C19: Terminal: | D19: ='LIBERAÇÕES'!M30 | E19: Tipo de fardo:
A20: Cliente: | B20: ='LIBERAÇÕES'!C30 -> COFCO | C20: Volume: | D20: 863 | E20: ='LIBERAÇÕES'!N30 -> FARDINHO
A21: Instrução: | B21: ='LIBERAÇÕES'!J30 -> RODO-M37-JAN26-06-B | C21: Carregado | D21: =SUM(E24:E29) -> 863 | E21: FRETE EMP.
A22: Dead Line: | B22: ='LIBERAÇÕES'!K30 -> 46081 | C22: Saldo | D22: =D20-D21 -> 0 | E22: ='LIBERAÇÕES'!H30 -> 727
A23: STATUS | B23: PLACA | C23: TIPO VEIC. | D23: FRETE MOT. | E23: QTD. FARDOS
A24: FINALIZADO | B24: TKY8G00 | C24: LS SIDER | D24: 600 | E24: 127
A25: FINALIZADO | B25: FVY8A77 | C25: LS SIDER | D25: 610 | E25: 127
A26: FINALIZADO | B26: MMK4J40 | C26: 4º EIXOS | D26: 600 | E26: 164
A27: FINALIZADO | B27: QWM8G45 | C27: 4º EIXOS | D27: 610 | E27: 170
A28: FINALIZADO | B28: QIM0I99 | C28: LS SIDER | D28: 620 | E28: 150
A29: FINALIZADO | B29: OQV7E14 | C29: LS SIDER | D29: 620 | E29: 125 | X29: 610
A31: Origem: | B31: ='LIBERAÇÕES'!E31 -> SAPEZAL-MT | C31: Coleta: | D31: ='LIBERAÇÕES'!F31 -> ALG RAFAELA | E31: ='LIBERAÇÕES'!L31 -> -58 | F31: PRAZO FINALIZAR DEAD LINE (DIAS RESTANTES)
A32: Destino: | B32: ='LIBERAÇÕES'!G31 -> SANTOS-SP | C32: Terminal: | D32: ='LIBERAÇÕES'!M31 -> SMAGALHÃES | E32: Tipo de fardo:
A33: Cliente: | B33: ='LIBERAÇÕES'!C31 -> LDC | C33: Volume: | D33: ='LIBERAÇÕES'!I31 -> 220 | E33: ='LIBERAÇÕES'!N31 -> FARDÃO
A34: Instrução: | B34: ='LIBERAÇÕES'!J31 -> RDN-EXP-SMGS-25-T531 | C34: Carregado | D34: =SUM(E37) -> 220 | E34: FRETE EMP.
A35: Dead Line: | B35: ='LIBERAÇÕES'!K31 -> 46084 | C35: Saldo | D35: =D33-D34 -> 0 | E35: ='LIBERAÇÕES'!H31 -> 660
A36: STATUS | B36: PLACA | C36: TIPO VEIC. | D36: FRETE MOT. | E36: QTD. FARDOS
A37: FINALIZADO | B37: QVV5I90 | C37: RODOTREM | D37: 630 | E37: 220
A39: Origem: | B39: ='LIBERAÇÕES'!E32 -> SAPEZAL-MT | C39: Coleta: | D39: ='LIBERAÇÕES'!F32 -> ALG RAFAELA | E39: ='LIBERAÇÕES'!L32 -> -58 | F39: PRAZO FINALIZAR DEAD LINE (DIAS RESTANTES)
A40: Destino: | B40: ='LIBERAÇÕES'!G32 -> SANTOS-SP | C40: Terminal: | D40: ='LIBERAÇÕES'!M32 -> SMAGALHÃES | E40: Tipo de fardo:
A41: Cliente: | B41: ='LIBERAÇÕES'!C32 -> LDC | C41: Volume: | D41: ='LIBERAÇÕES'!I32 -> 880 | E41: ='LIBERAÇÕES'!N32 -> FARDÃO
A42: Instrução: | B42: ='LIBERAÇÕES'!J32 -> RDN-EXP-SMGS-25-T517 | C42: Carregado | D42: =SUM(E45:E49) -> 880 | E42: FRETE EMP.
A43: Dead Line: | B43: ='LIBERAÇÕES'!K32 -> 46084 | C43: Saldo | D43: =D41-D42 -> 0 | E43: ='LIBERAÇÕES'!H32 -> 660
A44: STATUS | B44: PLACA | C44: TIPO VEIC. | D44: FRETE MOT. | E44: QTD. FARDOS
A45: FINALIZADO | B45: RDT0F88 | C45: 4º EIXOS | D45: 630 | E45: 165
A46: FINALIZADO | B46: MLP6I80 | C46: 4º EIXOS | D46: 630 | E46: 155
A47: FINALIZADO | B47: EXO2072 | C47: 4º EIXOS | D47: 630 | E47: 155
A48: FINALIZADO | B48: SLK6A79 | C48: RODOTREM | D48: 620 | E48: 203
A49: FINALIZADO | B49: TYJ8A43 | C49: VANDERLEIA | D49: 620 | E49: 202
A51: Origem: | B51: ='LIBERAÇÕES'!E48 -> CAMPOS DE JULIO-MT | C51: Coleta: | D51: ='LIBERAÇÕES'!F48 -> ALG G4 COTTON | E51: ='LIBERAÇÕES'!L48 -> -50 | F51: PRAZO FINALIZAR DEAD LINE (DIAS RESTANTES)
A52: Destino: | B52: ='LIBERAÇÕES'!G48 -> GUARUJA-SP | C52: Terminal: | D52: ='LIBERAÇÕES'!M48 -> SMAGALHÃES | E52: Tipo de fardo:
A53: Cliente: | B53: ='LIBERAÇÕES'!C48 -> COFCO | C53: Volume: | D53: ='LIBERAÇÕES'!I48 -> 179 | E53: ='LIBERAÇÕES'!N48 -> FARDÃO
A54: Instrução: | B54: ='LIBERAÇÕES'!J48 -> S07305-FEB-02 | C54: Carregado | D54: =SUM(E57) -> 179 | E54: FRETE EMP.
A55: Dead Line: | B55: ='LIBERAÇÕES'!K48 -> 46092 | C55: Saldo | D55: =D53-D54 -> 0 | E55: ='LIBERAÇÕES'!H48 -> 841
A56: STATUS | B56: PLACA | C56: TIPO VEIC. | D56: FRETE MOT. | E56: QTD. FARDOS
A57: FINALIZADO | B57: SPT3D30 | C57: RODOTREM | D57: 630 | E57: 179
A59: Origem: | B59: SAPEZAL | C59: Coleta: | D59: BC COTTON | E59: ='LIBERAÇÕES'!L58 -> -41
A60: Destino: | B60: SANTOS-SP | C60: Terminal: | D60: S.MAGALHAES | E60: Tipo de fardo:
A61: Cliente: | B61: COFCO | C61: Volume: | D61: 307 | E61: ='LIBERAÇÕES'!N58 -> FARDÃO
A62: Instrução: | B62: S06983-B-FEV-01 | C62: Carregado | D62: =SUM(E66:E67) -> 307 | E62: FRETE EMP.
A63: Dead Line: | B63: ORDEM DE CHEGADA | C63: Saldo | D63: =D61-D62 -> 0 | E63: 739
A64: STATUS | B64: PLACA | C64: TIPO VEIC. | D64: FRETE MOT. | E64: QTD. FARDOS
A65: FINALIZADO | B65: RRQ1G05 | C65: LS GRANELEIRO | D65: 610 | E65: 133
A66: FINALIZADO | B66: JCE2G30 | C66: 4º EIXOS SIDER | D66: 610 | E66: 159
A67: FINALIZADO | B67: JDL4H87 | C67: 4º EIXOS SIDER | D67: 620 | E67: 148
A69: Origem: | B69: SAPEZAL | C69: Coleta: | D69: BC COTTON | E69: ='LIBERAÇÕES'!L93
A70: Destino: | B70: AMERICANA-SP | C70: Terminal: | D70: SALTORELLI JEANSWEAR LTDA | E70: Tipo de fardo:
A71: Cliente: | B71: COFCO | C71: Volume: | D71: 128 | E71: ='LIBERAÇÕES'!N93
A72: Instrução: | B72: CTS-005072025-MAR-01-SAROSS | C72: Carregado | D72: =SUM(E75) -> 128 | E72: FRETE EMP.
A73: Dead Line: | C73: Saldo | D73: =D71-D72 -> 0 | E73: 680
A74: STATUS | B74: PLACA | C74: TIPO VEIC. | D74: FRETE MOT. | E74: QTD. FARDOS
A75: FINALIZADO | B75: RNI9B15 | C75: LS SIDER | D75: 520 | E75: 128
A77: Origem: | B77: ='LIBERAÇÕES'!E62 -> CAMPOS DE JULIO-MT | C77: Coleta: | D77: ='LIBERAÇÕES'!F62 -> ALG G4 COTTON | E77: ='LIBERAÇÕES'!L101
A78: Destino: | B78: ='LIBERAÇÕES'!G62 -> RONDONOPOLIS-MT | C78: Terminal: | D78: ='LIBERAÇÕES'!M62 -> EISA | E78: Tipo de fardo:
A79: Cliente: | B79: ='LIBERAÇÕES'!C62 -> NUTRADE | C79: Volume: | D79: ='LIBERAÇÕES'!I62 -> 318 | E79: ='LIBERAÇÕES'!N101
A80: Instrução: | B80: ='LIBERAÇÕES'!J62 -> SIRON-EXP-3155257016-057-01A | C80: Carregado | D80: =E83+E84+#REF! -> #REF! | E80: FRETE EMP.
A81: Dead Line: | B81: ='LIBERAÇÕES'!K62 -> 46112 | C81: Saldo | D81: =D79-D80 -> #REF! | E81: ='LIBERAÇÕES'!H62 -> 290
A82: STATUS | B82: PLACA | C82: TIPO VEIC. | D82: FRETE MOT. | E82: QTD. FARDOS
A83: FINALIZADO | B83: NYJ2B99 | C83: 4º EIXOS | D83: 230 | E83: 159
A84: FINALIZADO | B84: BDE0540 | C84: 4º EIXOS | D84: 230 | E84: 154
A86: Origem: | B86: ='LIBERAÇÕES'!E66 -> SAPEZAL-MT | C86: Coleta: | D86: ='LIBERAÇÕES'!F66 -> ALG TRES LAGOAS | E86: ='LIBERAÇÕES'!L111
A87: Destino: | B87: ='LIBERAÇÕES'!G66 -> RONDONOPOLIS-MT | C87: Terminal: | D87: ='LIBERAÇÕES'!M66 -> BRADO | E87: Tipo de fardo:
A88: Cliente: | B88: ='LIBERAÇÕES'!C66 -> SCHEFFER | C88: Volume: | D88: ='LIBERAÇÕES'!I66 -> 770 | E88: ='LIBERAÇÕES'!N111
A89: Instrução: | B89: ='LIBERAÇÕES'!J66 -> 625145/04-001 | C89: Carregado | D89: =SUM(E92:E96) -> 770 | E89: FRETE EMP.
A90: Dead Line: | B90: ='LIBERAÇÕES'!K66 -> 46116 | C90: Saldo | D90: =D88-D89 -> 0 | E90: ='LIBERAÇÕES'!H91
A91: STATUS | B91: PLACA | C91: TIPO VEIC. | D91: FRETE MOT. | E91: QTD. FARDOS
A92: FINALIZADO | B92: RBH5C52 | C92: VANDERLEIA SIDER | D92: 215 | E92: 138
A93: FINALIZADO | B93: JZW5J23 | C93: LS GRANELEIRO | D93: 215 | E93: 140
A94: FINALIZADO | B94: TBO8D40 | C94: 4º EIXOS SIDER | D94: 215 | E94: 142
A95: FINALIZADO | B95: SPH1E58 | C95: 4º EIXOS | D95: 215 | E95: 170
A96: FINALIZADO | B96: RAZ4I13 | C96: RODOTREM | D96: 240 | E96: 180
A98: Origem: | B98: ='LIBERAÇÕES'!E66 -> SAPEZAL-MT | C98: Coleta: | D98: ='LIBERAÇÕES'!F67 -> ALG IRACEMA | E98: ='LIBERAÇÕES'!L124
A99: Destino: | B99: ='LIBERAÇÕES'!G67 -> RONDONOPOLIS-MT | C99: Terminal: | D99: ='LIBERAÇÕES'!M67 -> BRADO | E99: Tipo de fardo:
A100: Cliente: | B100: ='LIBERAÇÕES'!C67 -> SCHEFFER | C100: Volume: | D100: ='LIBERAÇÕES'!I67 -> 220 | E100: ='LIBERAÇÕES'!N124
A101: Instrução: | B101: ='LIBERAÇÕES'!J67 -> 625145/04-001 | C101: Carregado | D101: =E104+#REF!+E105 -> #REF! | E101: FRETE EMP.
A102: Dead Line: | B102: ='LIBERAÇÕES'!K67 -> 46116 | C102: Saldo | D102: =D100-D101 -> #REF! | E102: ='LIBERAÇÕES'!H104
A103: STATUS | B103: PLACA | C103: TIPO VEIC. | D103: FRETE MOT. | E103: QTD. FARDOS
A104: FINALIZADO | B104: ODF0B20 | C104: RODOTREM | D104: 220 | E104: 220
A106: Origem: | B106: SAPEZAL-MT | C106: Coleta: | D106: ALG TRES COQUEIROS | E106: ='LIBERAÇÕES'!L133
A107: Destino: | B107: NOVA ODESSA - SP | C107: Terminal: | D107: JOLITEX | E107: Tipo de fardo:
A108: Cliente: | B108: ='LIBERAÇÕES'!C95 | C108: Volume: | D108: 260 | E108: ='LIBERAÇÕES'!N133
A109: Instrução: | B109: ='LIBERAÇÕES'!J95 | C109: Carregado | D109: =E112+E113+E114 -> 260 | E109: FRETE EMP.
A110: Dead Line: | B110: ='LIBERAÇÕES'!K95 | C110: Saldo | D110: =D108-D109 -> 0 | E110: ='LIBERAÇÕES'!H113
A111: STATUS | B111: PLACA | C111: TIPO VEIC. | D111: FRETE MOT. | E111: QTD. FARDOS
...

Sheet RONDONOPOLIS
A1: Origem: | B1: ='LIBERAÇÕES'!E25 -> RONDONOPOLIS-MT | C1: Coleta: | D1: ='LIBERAÇÕES'!F25 -> ALG TBM LOG | E1: ='LIBERAÇÕES'!L20 -> -69 | F1: PRAZO FINALIZAR DEAD LINE (DIAS RESTANTES)
A2: Destino: | B2: ='LIBERAÇÕES'!G25 -> HORIZONTE-CE | C2: Terminal: | D2: ='LIBERAÇÕES'!M25 -> SANTANA | E2: Tipo de fardo:
A3: Cliente: | B3: ='LIBERAÇÕES'!C25 -> COFCO | C3: Volume: | D3: ='LIBERAÇÕES'!I25 -> 128 | E3: ='LIBERAÇÕES'!N25 -> FARDÃO
A4: Instrução: | B4: ='LIBERAÇÕES'!J25 -> WH_STN_CONSIG-FEV-01-SANTANA | C4: Carregado | D4: =SUM(E7:E11) -> 128 | E4: FRETE EMP.
A5: Dead Line: | B5: ='LIBERAÇÕES'!K25 -> 46071 | C5: Saldo | D5: =D3-D4 -> 0 | E5: ='LIBERAÇÕES'!H25 -> 990
A6: STATUS | B6: PLACA | C6: TIPO VEIC. | D6: FRETE MOT. | E6: QTD. FARDOS
A7: FINALIZADO | B7: HFD3584 | C7: LS SIDER | D7: R$ 770,00 | E7: 128
A13: Origem: | B13: ='LIBERAÇÕES'!E26 -> RONDONOPOLIS-MT | C13: Coleta: | D13: ='LIBERAÇÕES'!F26 -> ALG TBM LOG | E13: ='LIBERAÇÕES'!L26 -> -71 | F13: PRAZO FINALIZAR DEAD LINE (DIAS RESTANTES)
A14: Destino: | B14: ='LIBERAÇÕES'!G26 -> SANTOS-SP | C14: Terminal: | D14: ='LIBERAÇÕES'!M26 -> CONLINE | E14: Tipo de fardo:
A15: Cliente: | B15: ='LIBERAÇÕES'!C26 -> COFCO | C15: Volume: | D15: ='LIBERAÇÕES'!I26 -> 0 | E15: ='LIBERAÇÕES'!N26 -> FARDÃO
A16: Instrução: | B16: ='LIBERAÇÕES'!J26 -> WH-S07405-JAN-01 | C16: Carregado | D16: =SUM(E19:E28) -> 0 | E16: FRETE EMP.
A17: Dead Line: | B17: ='LIBERAÇÕES'!K26 -> 46071 | C17: Saldo | D17: =D15-D16 -> 0 | E17: ='LIBERAÇÕES'!H26 -> 585
A18: STATUS | B18: PLACA | C18: TIPO VEIC. | D18: FRETE MOT. | E18: QTD. FARDOS
A30: Origem: | B30: ='LIBERAÇÕES'!E27 -> RONDONOPOLIS-MT | C30: Coleta: | D30: ='LIBERAÇÕES'!F27 -> ALG TBM LOG | E30: ='LIBERAÇÕES'!L27 -> -71 | F30: PRAZO FINALIZAR DEAD LINE (DIAS RESTANTES)
A31: Destino: | B31: ='LIBERAÇÕES'!G27 -> GUARUJA-SP | C31: Terminal: | D31: ='LIBERAÇÕES'!M27 -> CORTES | E31: Tipo de fardo:
A32: Cliente: | B32: ='LIBERAÇÕES'!C27 -> COFCO | C32: Volume: | D32: ='LIBERAÇÕES'!I27 -> 0 | E32: ='LIBERAÇÕES'!N27 -> FARDÃO
A33: Instrução: | B33: ='LIBERAÇÕES'!J27 -> S07389-JAN-01 | C33: Carregado | D33: =SUM(E36:E45) -> 0 | E33: FRETE EMP.
A34: Dead Line: | B34: ='LIBERAÇÕES'!K27 -> 46071 | C34: Saldo | D34: =D32-D33 -> 0 | E34: ='LIBERAÇÕES'!H27 -> 585
A35: STATUS | B35: PLACA | C35: TIPO VEIC. | D35: FRETE MOT. | E35: QTD. FARDOS
A47: Origem: | B47: ='LIBERAÇÕES'!E28 -> RONDONOPOLIS-MT | C47: Coleta: | D47: ='LIBERAÇÕES'!F26 -> ALG TBM LOG | E47: ='LIBERAÇÕES'!L28 -> -71 | F47: PRAZO FINALIZAR DEAD LINE (DIAS RESTANTES)
A48: Destino: | B48: ='LIBERAÇÕES'!G28 -> CUBATAO-SP | C48: Terminal: | D48: ='LIBERAÇÕES'!M28 -> ISIS | E48: Tipo de fardo:
A49: Cliente: | B49: ='LIBERAÇÕES'!C28 -> COFCO | C49: Volume: | D49: ='LIBERAÇÕES'!I28 -> 2168 | E49: ='LIBERAÇÕES'!N28 -> FARDÃO
A50: Instrução: | B50: ='LIBERAÇÕES'!J28 -> S07475-MÃE-FEV-02 | C50: Carregado | D50: =SUM(E53:E72) -> 2168 | E50: FRETE EMP.
A51: Dead Line: | B51: ='LIBERAÇÕES'!K28 -> 46071 | C51: Saldo | D51: =D49-D50 -> 0 | E51: ='LIBERAÇÕES'!H28 -> 585
A52: STATUS | B52: PLACA | C52: TIPO VEIC. | D52: FRETE MOT. | E52: QTD. FARDOS
A53: FINALIZADO | B53: GAA9F11 | C53: LS SIDER | D53: R$ 450,00 | E53: 165
A54: FINALIZADO | B54: JBU8F32 | C54: 4º EIXOS | D54: R$ 450,00 | E54: 159
A55: FINALIZADO | B55: JCU8D98 | C55: 4º EIXOS | D55: R$ 450,00 | E55: 170
A56: FINALIZADO | B56: TIZ4E37 | C56: 4º EIXOS SIDER | D56: R$ 450,00 | E56: 157
A57: AGENDADO | B57: AJS6E33 | C57: LS SIDER | D57: R$ 450,00 | E57: 145
A58: FINALIZADO | B58: EQD9H33 | C58: LS SIDER | D58: R$ 450,00 | E58: 130
A59: AGENDADO | B59: TLT5E83 | C59: 4º EIXOS SIDER | D59: R$ 450,00 | E59: 156
A60: FINALIZADO | B60: BBN8H87 | C60: TRUCK | D60: R$ 425,00 | E60: 135
A61: AGENDADO | B61: EII8J02 | C61: BITREM | D61: R$ 450,00 | E61: 177
A63: FALTA AGENDAR | B63: ASQ5C51 | C63: LS GRANELEIRO | D63: R$ 450,00 | E63: 160
A64: AGENDADO | B64: GEU7B58 | C64: LS SIDER | D64: R$ 450,00 | E64: 139
A65: AGENDADO | B65: SZR2H65 | C65: LS SIDER | D65: R$ 450,00 | E65: 176
... A67: FALTA AGENDAR | B67: AWZ0I48 | C67: LS SIDER | D67: R$ 450,00 | E67: 152
A74: Origem: | B74: ='LIBERAÇÕES'!E33 -> CAMPO VERDE-MT | C74: Coleta: | D74: ='LIBERAÇÕES'!F33 -> ALG PRINCESA | E74: ='LIBERAÇÕES'!L33 -> -55 | F74: PRAZO FINALIZAR DEAD LINE (DIAS RESTANTES)
A75: Destino: | B75: ='LIBERAÇÕES'!G33 -> SANTOS-SP | C75: Terminal: | D75: ='LIBERAÇÕES'!M33 | E75: Tipo de fardo:
A76: Cliente: | B76: ='LIBERAÇÕES'!C33 -> COFCO | C76: Volume: | D76: ='LIBERAÇÕES'!I33 -> 126 | E76: ='LIBERAÇÕES'!N33 -> FARDÃO
A77: Instrução: | B77: RODO-M37-JAN26-08 | C77: Carregado | D77: =SUM(E80:E88) -> 126 | E77: FRETE EMP.
A78: Dead Line: | B78: ='LIBERAÇÕES'!K33 -> 46087 | C78: Saldo | D78: =D76-D77 -> 0 | E78: ='LIBERAÇÕES'!H33 -> 636
A79: STATUS | B79: PLACA | C79: TIPO VEIC. | D79: FRETE MOT. | E79: QTD. FARDOS
A80: CARREGADO | B80: BBE0E63 | C80: LS SIDER | D80: R$ 480,00 | E80: 126
A90: Origem: | B90: ='LIBERAÇÕES'!E34 -> CAMPO VERDE-MT | C90: Coleta: | D90: ='LIBERAÇÕES'!F34 -> ALG COOPERPLUMA UBA I | E90: ='LIBERAÇÕES'!L34 -> -55 | F90: PRAZO FINALIZAR DEAD LINE (DIAS RESTANTES)
A91: Destino: | B91: ='LIBERAÇÕES'!G34 -> SANTOS-SP | C91: Terminal: | D91: ='LIBERAÇÕES'!M34 -> SIGMA | E91: Tipo de fardo:
A92: Cliente: | B92: ='LIBERAÇÕES'!C34 -> COFCO | C92: Volume: | D92: ='LIBERAÇÕES'!I34 -> 175 | E92: ='LIBERAÇÕES'!N34 -> FARDÃO
A93: Instrução: | B93: ='LIBERAÇÕES'!J34 -> S07508-FEV-01 | C93: Carregado | D93: =SUM(E96) -> 0 | E93: FRETE EMP.
A94: Dead Line: | B94: ='LIBERAÇÕES'!K34 -> 46087 | C94: Saldo | D94: =D92-D93 -> 175 | E94: ='LIBERAÇÕES'!H34 -> 540
A95: STATUS | B95: PLACA | C95: TIPO VEIC. | D95: FRETE MOT. | E95: QTD. FARDOS
A98: Origem: | B98: ='LIBERAÇÕES'!E36 -> CAMPO VERDE-MT | C98: Coleta: | D98: ='LIBERAÇÕES'!F36 -> ALG COOPERBEM | E98: ='LIBERAÇÕES'!L36 -> -55 | F98: PRAZO FINALIZAR DEAD LINE (DIAS RESTANTES)
A99: Destino: | B99: ='LIBERAÇÕES'!G36 -> CUBATAO-SP | C99: Terminal: | D99: ='LIBERAÇÕES'!M36 -> ISIS | E99: Tipo de fardo:
A100: Cliente: | B100: ='LIBERAÇÕES'!C36 -> COFCO | C100: Volume: | D100: ='LIBERAÇÕES'!I36 -> 1929 | E100: ='LIBERAÇÕES'!N36 -> FARDÃO
A101: Instrução: | B101: ='LIBERAÇÕES'!J36 -> S07414-C-MAR-MÃE-01 | C101: Carregado | D101: =SUM(E104:E117) -> 1929 | E101: FRETE EMP.
A102: Dead Line: | B102: ='LIBERAÇÕES'!K36 -> 46087 | C102: Saldo | D102: =D100-D101 -> 0 | E102: ='LIBERAÇÕES'!H36 -> 648
A103: STATUS | B103: PLACA | C103: TIPO VEIC. | D103: FRETE MOT. | E103: QTD. FARDOS
A104: AGENDADO | B104: RNC6C49 | C104: VANDERLEIA | D104: R$ 500,00 | E104: 140
A105: AGENDADO | B105: RNP7C67 | C105: VANDERLEIA | D105: R$ 500,00 | E105: 142
A106: AGENDADO | B106: MLH9A15 | C106: LS SIDER | D106: R$ 500,00 | E106: 150
A107: AGENDADO | B107: DBS0H04 | C107: LS SIDER | D107: R$ 490,00 | E107: 131
A108: AGENDADO | B108: RMU0C15 | C108: LS SIDER | D108: R$ 490,00 | E108: 163
A109: AGENDADO | B109: GFA3B42 | C109: VANDERLEIA | D109: R$ 500,00 | E109: 143
A110: AGENDADO | B110: RNC6C57 | C110: LS SIDER | D110: R$ 500,00 | E110: 142
A111: AGENDADO | B111: ELI3C08 | C111: LS SIDER | D111: R$ 515,00 | E111: 140
A112: AGENDADO | B112: EOC9E84 | C112: LS SIDER | D112: R$ 515,00 | E112: 141
A113: FALTA AGENDAR | B113: GDA0C42 | C113: LS SIDER | D113: R$ 520,00 | E113: 127
A114: AGENDADO | B114: RNC6F92 | C114: LS SIDER | D114: R$ 500,00 | E114: 141
A115: FALTA AGENDAR | B115: ODI1I18 | C115: BITRUCK | D115: R$ 500,00 | E115: 83
... A117: AGENDADO | B117: RNG4C99 | C117: VANDERLEIA SIDER | D117: R$ 515,00 | E117: 140
A119: Origem: | B119: ='LIBERAÇÕES'!E37 -> CAMPO VERDE-MT | C119: Coleta: | D119: ='LIBERAÇÕES'!F37 -> ALG COOPERBEM | E119: ='LIBERAÇÕES'!L37 -> -55 | F119: PRAZO FINALIZAR DEAD LINE (DIAS RESTANTES)
A120: Destino: | B120: ='LIBERAÇÕES'!G37 -> CUBATAO-SP | C120: Terminal: | D120: ='LIBERAÇÕES'!M37 -> CONLINE | E120: Tipo de fardo:
A121: Cliente: | B121: ='LIBERAÇÕES'!C37 -> COFCO | C121: Volume: | D121: ='LIBERAÇÕES'!I37 -> 150 | E121: ='LIBERAÇÕES'!N37 -> FARDÃO
A122: Instrução: | B122: ='LIBERAÇÕES'!J37 -> WH-S07528-A-MÃE-FEV-01 | C122: Carregado | D122: =SUM(E125:E127) -> 150 | E122: FRETE EMP.
A123: Dead Line: | B123: ='LIBERAÇÕES'!K37 -> 46087 | C123: Saldo | D123: =D121-D122 -> 0 | E123: ='LIBERAÇÕES'!H37 -> 648
A124: STATUS | B124: PLACA | C124: TIPO VEIC. | D124: FRETE MOT. | E124: QTD. FARDOS
A125: AGENDADO | B125: GDA0C42 | C125: VANDERLEIA | D125: R$ 500,00 | E125: 150
A129: Origem: | B129: ='LIBERAÇÕES'!E38 -> CAMPO VERDE-MT | C129: Coleta: | D129: ='LIBERAÇÕES'!F38 -> ALG COOPERBEM | E129: ='LIBERAÇÕES'!L38 -> -55 | F129: PRAZO FINALIZAR DEAD LINE (DIAS RESTANTES)
A130: Destino: | B130: ='LIBERAÇÕES'!G38 -> CUBATAO-SP | C130: Terminal: | D130: ='LIBERAÇÕES'!M38 -> ISIS | E130: Tipo de fardo:
A131: Cliente: | B131: ='LIBERAÇÕES'!C38 -> COFCO | C131: Volume: | D131: ='LIBERAÇÕES'!I38 -> 73 | E131: ='LIBERAÇÕES'!N38 -> FARDÃO
A132: Instrução: | B132: ='LIBERAÇÕES'!J38 -> S07469-MÃE-JAN-01 | C132: Carregado | D132: =SUM(E135) -> 73 | E132: FRETE EMP.
A133: Dead Line: | B133: ='LIBERAÇÕES'!K38 -> 46087 | C133: Saldo | D133: =D131-D132 -> 0 | E133: ='LIBERAÇÕES'!H38 -> 648
A134: STATUS | B134: PLACA | C134: TIPO VEIC. | D134: FRETE MOT. | E134: QTD. FARDOS
A135: AGENDADO | B135: AUP3D67 | C135: BITRUCK | D135: 480 | E135: 73
A137: Origem: | B137: ='LIBERAÇÕES'!E40 -> RONDONOPOLIS-MT | C137: Coleta: | D137: ='LIBERAÇÕES'!F40 -> ALG TBM LOG | E137: ='LIBERAÇÕES'!L40 -> -52 | F137: PRAZO FINALIZAR DEAD LINE (DIAS RESTANTES)
A138: Destino: | B138: ='LIBERAÇÕES'!G40 -> SANTOS-SP | C138: Terminal: | D138: ='LIBERAÇÕES'!M40 -> ALAMO | E138: Tipo de fardo:
A139: Cliente: | B139: ='LIBERAÇÕES'!C40 -> COFCO | C139: Volume: | D139: ='LIBERAÇÕES'!I40 -> 3180 | E139: ='LIBERAÇÕES'!N40 -> FARDÃO
A140: Instrução: | B140: ='LIBERAÇÕES'!J40 -> S07466-MÃE-FEV-01 | C140: Carregado | D140: =SUM(E143:E147) -> 0 | E140: FRETE EMP.
A141: Dead Line: | B141: ='LIBERAÇÕES'!K40 -> 46090 | C141: Saldo | D141: =D139-D140 -> 3180 | E141: ='LIBERAÇÕES'!H40 -> 659
A142: STATUS | B142: PLACA | C142: TIPO VEIC. | D142: FRETE MOT. | E142: QTD. FARDOS
A149: Origem: | B149: ='LIBERAÇÕES'!E41 -> RONDONOPOLIS-MT | C149: Coleta: | D149: ='LIBERAÇÕES'!F41 -> ALG TBM LOG | E149: ='LIBERAÇÕES'!L41 -> -55 | F149: PRAZO FINALIZAR DEAD LINE (DIAS RESTANTES)
A150: Destino: | B150: ='LIBERAÇÕES'!G41 -> CUBATAO-SP | C150: Terminal: | D150: ='LIBERAÇÕES'!M41 -> CONLINE | E150: Tipo de fardo:
A151: Cliente: | B151: ='LIBERAÇÕES'!C41 -> COFCO | C151: Volume: | D151: ='LIBERAÇÕES'!I41 -> 319 | E151: ='LIBERAÇÕES'!N41 -> FARDÃO
A152: Instrução: | B152: ='LIBERAÇÕES'!J41 -> WH-RD-S07414-M37-FEV-02 | C152: Carregado | D152: =SUM(E155:E157) -> 0 | E152: FRETE EMP.
A153: Dead Line: | B153: ='LIBERAÇÕES'!K41 -> 46087 | C153: Saldo | D153: =D151-D152 -> 319 | E153: ='LIBERAÇÕES'!H41 -> 659
A154: STATUS | B154: PLACA | C154: TIPO VEIC. | D154: FRETE MOT. | E154: QTD. FARDOS
A159: Origem: | B159: ='LIBERAÇÕES'!E42 -> RONDONOPOLIS-MT | C159: Coleta: | D159: ='LIBERAÇÕES'!F42 -> ALG TBM LOG | E159: ='LIBERAÇÕES'!L42 -> -52 | F159: PRAZO FINALIZAR DEAD LINE (DIAS RESTANTES)
A160: Destino: | B160: ='LIBERAÇÕES'!G42 -> CUBATAO-SP | C160: Terminal: | D160: ='LIBERAÇÕES'!M42 -> ISIS | E160: Tipo de fardo:
A161: Cliente: | B161: ='LIBERAÇÕES'!C42 -> COFCO | C161: Volume: | D161: ='LIBERAÇÕES'!I42 -> 4652 | E161: ='LIBERAÇÕES'!N42 -> FARDÃO
A162: Instrução: | B162: ='LIBERAÇÕES'!J42 -> S07469-MÃE-FEV-02 | C162: Carregado | D162: =SUM(E165:E170) -> 0 | E162: FRETE EMP.
...

Sheet NOVA MUTUM
A2: Origem: | B2: SAPEZAL/MT | C2: Coleta: | D2: ALG. TRES LAGOAS | E2: ='LIBERAÇÕES'!L10 -> -73
A3: Destino: | B3: RONDONÓPOLIS/MT | C3: Terminal: | D3: BRADO | E3: Tipo de fardo:
A4: Cliente: | B4: SCHEFFER | C4: Volume: | D4: 202 | E4: FARDÃO
A5: Instrução: | B5: S51580.B04 | C5: Carregado | D5: =SUM(E8:E13) -> 202 | E5: FRETE EMP.
A6: Dead Line: | B6: 03/05 A 05/05 | C6: Saldo | D6: =D4-D5 -> 0 | E6: 230
A7: STATUS | B7: PLACA | C7: TIPO VEIC. | D7: FRETE MOT. | E7: QTD. FARDOS
A8: AGUARDANDO CARREGAMENTO | B8: SPT3D39 | C8: RODOTREM | D8: 200 | E8: 202

Sheet PRIMAVERA DO LESTE
A1: Origem: | B1: ='LIBERAÇÕES'!E3 -> NOVO SAO JOAQUIM-MT | C1: Coleta: | D1: ='LIBERAÇÕES'!F3 -> ALG ITAQUERE | E1: ='LIBERAÇÕES'!L3 -> -80 | F1: PRAZO FINALIZAR DEAD LINE (DIAS RESTANTES)
A2: Destino: | B2: ='LIBERAÇÕES'!G3 -> SANTOS-SP | C2: Terminal: | D2: ='LIBERAÇÕES'!M3 -> DALASTRA | E2: Tipo de fardo:
A3: Cliente: | B3: ='LIBERAÇÕES'!C3 -> BRASIL AGRO | C3: Volume: | D3: ='LIBERAÇÕES'!I3 -> 1512 | E3: ='LIBERAÇÕES'!N3 -> FARDINHO
A4: Instrução: | B4: ='LIBERAÇÕES'!J3 | C4: Carregado | D4: =SUM(E7:E15) -> 1512 | E4: FRETE EMP.
A5: Dead Line: | B5: ='LIBERAÇÕES'!K3 -> 46062 | C5: Saldo | D5: =D3-D4 -> 0 | E5: ='LIBERAÇÕES'!H3 -> 492
A6: STATUS | B6: PLACA | C6: TIPO VEIC. | D6: FRETE MOT. | E6: QTD. FARDOS
A7: FINALIZADO | B7: EVO9G44 | C7: VANDERLEIA SIDER | D7: 470 | E7: 168
A8: FINALIZADO | B8: PTW9A89 | C8: RODOTREM | D8: 470 | E8: 240
A9: FINALIZADO | B9: GHC2I03 | C9: VANDERLEIA SIDER | D9: 470 | E9: 163
A10: FINALIZADO | B10: RBU0C70 | C10: VANDERLEIA SIDER | D10: 470 | E10: 160
A11: FINALIZADO | B11: DBL4I38 | C11: 4º EIXOS | D11: 470 | E11: 156
A12: FINALIZADO | B12: AZT6C46 | C12: LS GRANELEIRO | D12: 470 | E12: 144
A13: FINALIZADO | B13: JDH0D86 | C13: RODOTREM SIDER | D13: 490 | E13: 215
A14: FINALIZADO | B14: ENR6109 | C14: LS SIDER | D14: 500 | E14: 133
A15: FINALIZADO | B15: DOG4A62 | C15: LS SIDER | D15: 500 | E15: 133
A17: Origem: | B17: ='LIBERAÇÕES'!E24 -> PRIMAVERA DO LESTE-MT | C17: Coleta: | D17: ='LIBERAÇÕES'!F24 -> ALG NOVA GERAÇÃO | E17: ='LIBERAÇÕES'!L24 -> -69 | F17: PRAZO FINALIZAR DEAD LINE (DIAS RESTANTES)
A18: Destino: | B18: ='LIBERAÇÕES'!G24 -> CUBATAO-SP | C18: Terminal: | D18: ='LIBERAÇÕES'!M24 -> ISIS | E18: Tipo de fardo:
A19: Cliente: | B19: ='LIBERAÇÕES'!C24 -> COFCO | C19: Volume: | D19: ='LIBERAÇÕES'!I24 -> 1865 | E19: ='LIBERAÇÕES'!N24 -> FARDINHO
A20: Instrução: | B20: ='LIBERAÇÕES'!J24 -> RODO-M37-JAN26-11 | C20: Carregado | D20: =SUM(E23:E34) -> 1865 | E20: FRETE EMP.
A21: Dead Line: | B21: ='LIBERAÇÕES'!K24 -> 46073 | C21: Saldo | D21: =D19-D20 -> 0 | E21: ='LIBERAÇÕES'!H24 -> 530
A22: STATUS | B22: PLACA | C22: TIPO VEIC. | D22: FRETE MOT. | E22: QTD. FARDOS
A23: FINALIZADO | B23: GJX1A53 | C23: LS SIDER | D23: 480 | E23: 176
A24: FINALIZADO | B24: RNG4D20 | C24: LS SIDER | D24: 480 | E24: 158
A25: FINALIZADO | B25: JCN2B85 | C25: LS GRANELEIRO | D25: 480 | E25: 139
A26: FINALIZADO | B26: EJW1540 | C26: LS SIDER | D26: 480 | E26: 152
A27: FINALIZADO | B27: TFP8G43 | C27: 4º EIXOS | D27: 480 | E27: 163
A28: FINALIZADO | B28: MCU0I78 | C28: LS GRANELEIRO | D28: 480 | E28: 160
A29: FINALIZADO | B29: SPT3D39 | C29: RODOTREM | D29: FROTA | E29: 240
A30: FINALIZADO | B30: EPA6D40 | C30: 4º EIXOS SIDER | D30: 480 | E30: 156
A31: FINALIZADO | B31: RAY8C53 | C31: RODOTREM | D31: FROTA | E31: 214
A32: FINALIZADO | B32: MLT3I14 | C32: VANDERLEIA | D32: 480 | E32: 166
A33: FINALIZADO | B33: AXY6A37 | C33: LS SIDER | D33: 480 | E33: 141
B34: LOTE FINALIZADO
A36: Origem: | B36: ='LIBERAÇÕES'!E29 -> NOVO SAO JOAQUIM-MT | C36: Coleta: | D36: ='LIBERAÇÕES'!F29 -> ALG ITAQUERE | E36: ='LIBERAÇÕES'!L29 -> -65 | F36: PRAZO FINALIZAR DEAD LINE (DIAS RESTANTES)
A37: Destino: | B37: ='LIBERAÇÕES'!G29 -> GUARUJA-SP | C37: Terminal: | D37: ='LIBERAÇÕES'!M29 -> CORTES | E37: Tipo de fardo: | F37: BOOKING 266362944
A38: Cliente: | B38: ='LIBERAÇÕES'!C29 -> BRASIL AGRO | C38: Volume: | D38: ='LIBERAÇÕES'!I29 -> 718 | E38: ='LIBERAÇÕES'!N29 -> FARDINHO
A39: Instrução: | B39: ='LIBERAÇÕES'!J29 -> AF237/2025 | C39: Carregado | D39: =SUM(E42:E46) -> 718 | E39: FRETE EMP.
A40: Dead Line: | B40: ='LIBERAÇÕES'!K29 -> 46077 | C40: Saldo | D40: =D38-D39 -> 0 | E40: ='LIBERAÇÕES'!H29 -> 570
A41: STATUS | B41: PLACA | C41: TIPO VEIC. | D41: FRETE MOT. | E41: QTD. FARDOS
A42: FINALIZADO | B42: IZL7I77 | C42: LS SIDER | D42: 530 | E42: 144
A43: FINALIZADO | B43: QAX9I78 | C43: LS SIDER | D43: 530 | E43: 144
A44: FINALIZADO | B44: HIV8I36 | C44: LS SIDER | D44: 530 | E44: 144
A45: FINALIZADO | B45: QQF8J89 | C45: LS SIDER | D45: 530 | E45: 143
A46: FINALIZADO | B46: GDA0C42 | C46: LS SIDER | D46: 530 | E46: 143
A48: Origem: | B48: ='LIBERAÇÕES'!E35 -> NOVO SAO JOAQUIM-MT | C48: Coleta: | D48: ='LIBERAÇÕES'!F35 -> ALG ITAQUERE | E48: ='LIBERAÇÕES'!L35 -> -57 | F48: PRAZO FINALIZAR DEAD LINE (DIAS RESTANTES)
A49: Destino: | B49: ='LIBERAÇÕES'!G35 -> SANTOS-SP | C49: Terminal: | D49: ='LIBERAÇÕES'!M35 -> DALASTRA | E49: Tipo de fardo:
A50: Cliente: | B50: ='LIBERAÇÕES'!C35 -> BRASIL AGRO | C50: Volume: | D50: ='LIBERAÇÕES'!I35 -> 481 | E50: ='LIBERAÇÕES'!N35 -> FARDINHO
A51: Instrução: | B51: ='LIBERAÇÕES'!J35 | C51: Carregado | D51: =SUM(E54:E56) -> 481 | E51: FRETE EMP.
A52: Dead Line: | B52: ='LIBERAÇÕES'!K35 -> 46085 | C52: Saldo | D52: =D50-D51 -> 0 | E52: ='LIBERAÇÕES'!H35 -> 600
A53: STATUS | B53: PLACA | C53: TIPO VEIC. | D53: FRETE MOT. | E53: QTD. FARDOS
A54: FINALIZADO | B54: AWB4641 | C54: 4º EIXOS SIDER | E54: 170
A55: FINALIZADO | B55: SPY9I42 | C55: 4º EIXOS | E55: 168
A56: FINALIZADO | B56: ITJ4C63 | C56: LS GRANELEIRO | E56: 143
A58: Origem: | B58: ='LIBERAÇÕES'!E39 -> PRIMAVERA DO LESTE-MT | C58: Coleta: | D58: ='LIBERAÇÕES'!F39 -> ALG NOVA GERAÇÃO | E58: ='LIBERAÇÕES'!L39 -> -55 | F58: PRAZO FINALIZAR DEAD LINE (DIAS RESTANTES)
A59: Destino: | B59: ='LIBERAÇÕES'!G39 -> CUBATAO-SP | C59: Terminal: | D59: ='LIBERAÇÕES'!M39 -> ISIS | E59: Tipo de fardo:
A60: Cliente: | B60: ='LIBERAÇÕES'!C39 -> COFCO | C60: Volume: | D60: ='LIBERAÇÕES'!I39 -> 4557 | E60: ='LIBERAÇÕES'!N39 -> FARDINHO
A61: Instrução: | B61: ='LIBERAÇÕES'!J39 -> S07499-MÃE-JAN-01 | C61: Carregado | D61: =SUM(E64:E101) -> 4557 | E61: FRETE EMP.
A62: Dead Line: | B62: ='LIBERAÇÕES'!K39 -> 46087 | C62: Saldo | D62: =D60-D61 -> 0 | E62: ='LIBERAÇÕES'!H39 -> 682
A63: STATUS | B63: PLACA | C63: TIPO VEIC. | D63: FRETE MOT. | E63: QTD. FARDOS
A64: FINALIZADO | B64: TFB6J98 | C64: LS GRANELEIRO | D64: 530 | E64: 139
A65: FINALIZADO | B65: AUW5J59 | C65: RODOTREM | D65: 530 | E65: 216
A66: FINALIZADO | B66: EFO0D97 | C66: LS GRANELEIRO | D66: 530 | E66: 144
A67: FINALIZADO | B67: SDT1I85 | C67: LS SIDER | D67: 530 | E67: 153
A68: FINALIZADO | B68: BWN0E63 | C68: 4º EIXOS | D68: 520 | E68: 164
A69: FINALIZADO | B69: MCU0I78 | C69: 4º EIXOS | D69: 530 | E69: 176
A70: FINALIZADO | B70: SHZ7E62 | C70: 4º EIXOS | D70: 500 | E70: 176
A71: FINALIZADO | B71: RHV2B14 | C71: LS SIDER | D71: 520 | E71: 137
A72: FINALIZADO | B72: EIB0I12 | C72: 4º EIXOS | D72: 520 | E72: 164
A73: FINALIZADO | B73: IUI5A80 | C73: 4º EIXOS | D73: 530 | E73: 168
A74: FINALIZADO | B74: ITJ4C63 | C74: LS GRANELEIRO | D74: 540 | E74: 140
A75: FINALIZADO | B75: EQQ0E40 | C75: 4º EIXOS | D75: 540 | E75: 166
... A92: FINALIZADO | B92: RQO4G85 - CORTES | C92: LS GRANELEIRO | D92: 540 | E92: 143

Sheet SORRISO
A1: Origem: | B1: ='LIBERAÇÕES'!E20 -> SORRISO-MT | C1: Coleta: | D1: ='LIBERAÇÕES'!F20 -> ALG COTTON ESPERANÇA | E1: ='LIBERAÇÕES'!L20 -> -69 | F1: PRAZO FINALIZAR DEAD LINE (DIAS RESTANTES)
A2: Destino: | B2: ='LIBERAÇÕES'!G20 -> NATAL-RN | C2: Terminal: | D2: ='LIBERAÇÕES'!M20 -> VICUNHA | E2: Tipo de fardo:
A3: Cliente: | B3: ='LIBERAÇÕES'!C20 -> NUTRADE | C3: Volume: | D3: ='LIBERAÇÕES'!I20 -> 686 | E3: ='LIBERAÇÕES'!N20 -> FARDINHO
A4: Instrução: | B4: ='LIBERAÇÕES'!J20 -> 250071-04 | C4: Carregado | D4: =SUM(E7:E11) -> 686 | E4: FRETE EMP.
A5: Dead Line: | B5: ='LIBERAÇÕES'!K20 -> 46073 | C5: Saldo | D5: =D3-D4 -> 0 | E5: ='LIBERAÇÕES'!H20 -> 862
A6: STATUS | B6: PLACA | C6: TIPO VEIC. | D6: FRETE MOT. | E6: QTD. FARDOS
A7: FINALIZADO | B7: JAW7D74 | C7: RODOTREM | D7: 785 | E7: 230
A8: FINALIZADO | B8: JBN0D17 | C8: RODOTREM | D8: 760 | E8: 228
A9: FINALIZADO | B9: JBW1A82 | C9: RODOTREM | D9: 760 | E9: 228
A13: Origem: | B13: ='LIBERAÇÕES'!D61 -> SORRISO-MT | C13: Coleta: | D13: ='LIBERAÇÕES'!F61 -> ALG CELESTE | E13: ='LIBERAÇÕES'!L32 -> -58 | F13: PRAZO FINALIZAR DEAD LINE (DIAS RESTANTES)
A14: Destino: | B14: ='LIBERAÇÕES'!G61 -> RONDONOPOLIS-MT | C14: Terminal: | D14: ='LIBERAÇÕES'!M61 -> EISA | E14: Tipo de fardo:
A15: Cliente: | B15: ='LIBERAÇÕES'!C61 -> NUTRADE | C15: Volume: | D15: ='LIBERAÇÕES'!I61 -> 298
A16: Instrução: | B16: ='LIBERAÇÕES'!J61 -> SIRON-EXP-3155257015-055-01A | C16: Carregado | D16: =E19+E20+E21+E22 -> 298 | E16: FRETE EMP.
A17: Dead Line: | B17: ='LIBERAÇÕES'!K61 -> 46112 | C17: Saldo | D17: =D15-D16 -> 0
A18: STATUS | B18: PLACA | C18: TIPO VEIC. | D18: FRETE MOT. | E18: QTD. FARDOS
A19: AGUARDANDO NFE | B19: MIX0A83 | C19: LS GRANELEIRO | D19: 210 | E19: 135
A20: CONTRATADO | B20: RAF5B36 | C20: 4º EIXOS SIDER | D20: 215 | E20: 163

Sheet CAMPO NOVO 
A1: ORIEGEM: | B1: ='LIBERAÇÕES'!E60 -> CAMPO NOVO DO PARECIS-MT | C1: Coleta: | D1: ='LIBERAÇÕES'!F60 -> ALG COTTON CAMPO | F1: PRAZO FINALIZAR DEAD LINE (DIAS RESTANTES)
A2: Destino: | B2: ='LIBERAÇÕES'!G60 -> CUBATAO-SP | C2: Terminal: | D2: ='LIBERAÇÕES'!M60 -> LDC | E2: Tipo de fardo:
A3: Cliente: | B3: ='LIBERAÇÕES'!C60 -> NUTRADE | C3: Volume: | D3: ='LIBERAÇÕES'!I60 -> 520 | E3: ='LIBERAÇÕES'!N25 -> FARDÃO
A4: Instrução: | B4: ='LIBERAÇÕES'!J60 -> SI RDN-EXP-CBT-25-AL158 | C4: Carregado | D4: =E7+E8+E9+E10+E11 -> 520 | E4: FRETE EMP.
A5: Dead Line: | B5: ='LIBERAÇÕES'!K60 -> 46112 | C5: Saldo | D5: =D3-D4 -> 0 | E5: 640
A6: STATUS | B6: PLACA | C6: TIPO VEIC. | D6: FRETE MOT. | E6: QTD. FARDOS
A7: LIBERADO | B7: RVD4J01 | C7: RODOTREM | D7: 600 | E7: 206
A8: LIBERADO | B8: RRZ1F69 | C8: RODOTREM | D8: 600 | E8: 206
A9: LIBERADO | B9: IOQ7I56 | C9: LS GRANELEIRO | D9: 600 | E9: 108
A13: Origem: | B13: ='LIBERAÇÕES'!E65 -> DIAMANTINO-MT | C13: Coleta: | D13: ='LIBERAÇÕES'!F65 -> ALG FALAVINHA | F13: PRAZO FINALIZAR DEAD LINE (DIAS RESTANTES)
A14: Destino: | B14: ='LIBERAÇÕES'!G65 -> RONDONOPOLIS-MT | C14: Terminal: | D14: ='LIBERAÇÕES'!M64 -> EISA | E14: Tipo de fardo:
A15: Cliente: | B15: ='LIBERAÇÕES'!C65 -> NUTRADE | C15: Volume: | D15: ='LIBERAÇÕES'!I65 -> 130 | E15: ='LIBERAÇÕES'!N37 -> FARDÃO
A16: Instrução: | B16: ='LIBERAÇÕES'!J65 -> SIRON-EXP-3155257015-055-02A | C16: Carregado | D16: =E19 -> 130 | E16: FRETE EMP.
A17: Dead Line: | B17: ='LIBERAÇÕES'!K65 -> 46112 | C17: Saldo | D17: =D15-D16 -> 0 | E17: ='LIBERAÇÕES'!H65 -> 255
A18: STATUS | B18: PLACA | C18: TIPO VEIC. | D18: FRETE MOT. | E18: QTD. FARDOS
A19: LIBERADO | B19: FQO8E13 | C19: 4º EIXOS | D19: 210 | E19: 130
A21: Origem: | B21: ='LIBERAÇÕES'!E69 -> NOVA MARINGA-MT | C21: Coleta: | D21: ='LIBERAÇÕES'!F69 -> ALG GFO COTTON | F21: PRAZO FINALIZAR DEAD LINE (DIAS RESTANTES)
A22: Destino: | B22: ='LIBERAÇÕES'!G69 -> RONDONOPOLIS-MT | C22: Terminal: | D22: ='LIBERAÇÕES'!M69 -> TBM LOG | E22: Tipo de fardo:
A23: Cliente: | B23: ='LIBERAÇÕES'!C69 -> COFCO | C23: Volume: | D23: ='LIBERAÇÕES'!I69 -> 1272 | E23: ='LIBERAÇÕES'!N45 -> FARDINHO
A24: Instrução: | B24: ='LIBERAÇÕES'!J69 -> WH-TBM-MAR26-03 | C24: Carregado | D24: =E27+E28+E29+E30+E31+E32+E33+E34+E35 -> 1272 | E24: FRETE EMP.
A25: Dead Line: | B25: ='LIBERAÇÕES'!K85 -> 46130 | C25: Saldo | D25: 0 | E25: ='LIBERAÇÕES'!H69 -> 350
A26: STATUS | B26: PLACA | C26: TIPO VEIC. | D26: FRETE MOT. | E26: QTD. FARDOS
A27: LIBERADO | B27: RDX9B55 | C27: 4º EIXOS | D27: 280 | E27: 148
A28: LIBERADO | B28: RDU2J76 | C28: 4º EIXOS | D28: 280 | E28: 148
A29: LIBERADO | B29: MJC5524 | C29: 4º EIXOS | D29: 280 | E29: 148
A30: LIBERADO | B30: MWW8G26 | C30: LS SIDER | D30: 280 | E30: 130
A31: LIBERADO | B31: JBE9E42 | C31: LS SIDER | D31: 280 | E31: 128
A32: LIBERADO | B32: JAC7J26 | C32: RODOTREM | D32: 280 | E32: 204
A33: LIBERADO | B33: BCN3G07 | C33: BITREM | D33: 280 | E33: 160
A34: EM TRANSITO | B34: QAH2F99 | C34: RODOTREM | D34: 280 | E34: 206
